id,name,review_count,rating,latitude,latitude_truncated,longitude,longitude_truncated,price,zip_code,is_black_owned
El_2Cxuq4hxqrmlg_5nzzA,Brasserie by Niche,680,4.5,38.6399899656955,38.63998,-90.261864943672,-90.26186,$$$,63108,1
S26FJcC298XNpN2cZiwOrA,Pi Pizzeria - Central West End,490,4.0,38.648863580042,38.64886,-90.260690098716,-90.26069,$$,63108,1
KWIapYSSHxfZ1NQFpV2S9g,2Schae Cafe,305,4.5,38.64719,38.64719,-90.27479,-90.27479,$,63108,1
KhKcgF3zi6J_M6HBzkFkLg,Evangeline's Bistro and Music House,365,4.0,38.650036,38.65003,-90.260482,-90.26048,$$,63108,1
ngU4740twiB222g4ti0_eQ,Cocina Latina,94,4.5,38.649867,38.64986,-90.260737,-90.26073,$$,63108,1
YpGPZ-Zg89BsFUWwCXoaBw,Yellowbelly,340,4.5,38.6433255,38.64332,-90.2613778,-90.26137,$$$,63108,1
79nXYNRPoZBc9_y_OLZg2w,Mission Taco Joint - Central West End,298,4.0,38.6480756,38.64807,-90.2607314,-90.26073,$$,63108,1
_OMGZ3TXOfN2By7skat_bw,Drunken Fish - Central West End,768,3.5,38.6449378578044,38.64493,-90.261662897612,-90.26166,$$,63108,1
NJaR_2hke7NNAC6l1Ohr8g,El Burro Loco,487,4.0,38.645175,38.64517,-90.261812,-90.26181,$$,63108,1
kqt8O-XxMkE6ga42IPa7sA,SUSHI KOI,195,4.5,38.64054,38.64054,-90.26187,-90.26187,$$,63108,1
Fm16G-I-rmO3g_KTKleteQ,Pickles Deli,222,4.0,38.64079,38.64079,-90.2616,-90.2616,$,63108,1
URURwZcedT6sAXbeTuxgOA,Bait,246,4.0,38.64113,38.64112,-90.2496,-90.2496,$$$,63108,1
tWJ3DwufXIKdlLTEw7K96g,India Rasoi,343,4.0,38.6412304,38.64123,-90.2621829,-90.26218,$$,63108,1
ARgidflSXPHj7uhK-Y7hwA,Kampai Sushi Bar,335,4.0,38.64247,38.64247,-90.26328,-90.26328,$$,63108,1
rXqlpCH6z9rSFNCL76FfLw,Thai 202,318,4.0,38.644486,38.64448,-90.2617065,-90.2617,$,63108,1
-rCB_kCW-u84S-CQir-lng,PuraVegan,137,4.5,38.65994644165039,38.65994,-90.28485107421875,-90.28485,$$,63112,1
Ut_46Y-g3BsokjYGUHJ5Ng,Medina Grill,99,4.5,38.64504,38.64504,-90.26192,-90.26192,$,63108,1
7_YYjlT-qRP8h1IkpPWObw,Kingside Diner,300,4.0,38.64453556882819,38.64453,-90.26136427419951,-90.26136,$$,63108,1
RBujFM-QxuMU_YorRW8_0Q,Saigon Cafe,189,4.0,38.640762231402,38.64076,-90.261976035372,-90.26197,$$,63108,1
5UyyV-cdNsXWz1V-xyIW6w,The Preston,110,4.0,38.6441934506736,38.64419,-90.2639736311266,-90.26397,$$,63108,1
K_AkVae9Fdxx-1f7Je6mOQ,West End  Bistro,78,4.5,38.646475,38.64647,-90.274821,-90.27482,,63108,1
hfIr80hSKHko4RDXdrBEKg,Salt + Smoke,95,4.0,38.648133,38.64813,-90.260882,-90.26088,$$,63108,1
lgu_KwQLd8TX2ewsNIzsjA,K-Bop STL,75,4.5,38.654976033387726,38.65497,-90.29688432812691,-90.29688,$$,63112,1
x1IQQIcAwdmknhiZOi95Pg,Zenwich - St Louis,87,4.5,38.6399126446869,38.63991,-90.2620824300941,-90.26208,,63108,1
_RTpa-9N1RW58StUeco9jA,Bar Italia Ristorante,241,3.5,38.64504,38.64504,-90.26192,-90.26192,$$,63108,1
Yy7oNvAgFKRjl2u35HwepQ,Shell City Crab Shack,63,3.5,38.6608521776846,38.66085,-90.2594567835331,-90.25945,$$,63113,1
tuos6bve7ktOER5Fgz71-Q,Taste of Lebanon,182,3.5,38.64567,38.64567,-90.26169,-90.26169,$,63108,1
jME5VhjMZvNKsQJwsPKL7Q,BBQ Saloon,242,3.5,38.6401596069336,38.64015,-90.2624588012695,-90.26245,$$,63108,1
v0VomZVrgFANxHBmUzGk-g,Edera Italian Eatery,77,4.0,38.644897,38.64489,-90.26344,-90.26344,$$,63108,1
Zesu8Ev49wxB9oMmyvk0_w,Ranoush,73,4.0,38.647954,38.64795,-90.260816,-90.26081,$$,63108,1
XmpbEmS7PRdg5sIbGpjt7g,The Boathouse at Forest Park,408,3.0,38.64007029269982,38.64007,-90.28487072883554,-90.28487,$$,63110,1
DgLD56oDP0jMizXmgWmeug,Shapiro's Market,48,4.5,38.6405726,38.64057,-90.2548064,-90.2548,$,63108,1
Z_7P0pQYeMrGlC1vnOtEAg,West End Wok,121,4.0,38.6402265,38.64022,-90.261507,-90.2615,$,63108,1
OhHq33rmBih3fczFi8gSFQ,The Tenderloin Room,107,3.5,38.644901,38.6449,-90.264165,-90.26416,$$$,63108,1
86enQqN6FfuLRSEtv30ESw,Bowood by Niche,36,4.5,38.64933,38.64933,-90.25705,-90.25705,$$,63108,1
spo7kwg_I4nafkT-HLfWSA,Krab Kingz,101,4.0,38.6542293101968,38.65422,-90.2893851471262,-90.28938,$$,63112,1
4oe5dLfE283zx0aw6BHKTA,Dressel's Public House,399,4.0,38.649113281822736,38.64911,-90.26096913433777,-90.26096,$$,63108,1
XriKtVR4J_DG-R0xFqYXEg,Rush Bowls,56,4.0,38.644149,38.64414,-90.261734,-90.26173,$$,63108,1
0kfG53f5UuwXTz7IGIVhPg,Lazy Tiger,33,4.5,38.64352,38.64352,-90.26124,-90.26124,,63108,1
QXxe89rymWhK-Bnn1WXvkA,JUST Chicken,39,4.5,38.654396,38.65439,-90.292191,-90.29219,$$,63112,1
jF7eaANzVu7UIueZa4x16Q,St. Louis Kitchen,27,2.5,38.6535683,38.65356,-90.2635117,-90.26351,$,63108,1
UCr5X7irQJ7O-Ouc_zPs2g,Racanelli's,135,3.0,38.6399307,38.63993,-90.2619934,-90.26199,$,63108,1
e5WS66WTsNwng1OMEGsHWA,Blue Strawberry,22,4.0,38.64268,38.64268,-90.24980833,-90.2498,,63108,1
lMP6nTVHwLv15Nvzs1SDjA,Ba-Da-Bing BBQ,16,4.5,38.6772729,38.67727,-90.288916,-90.28891,$,63133,1
0KwD4kiiIPoTOrHXVxwTyA,Country Girl's Pie Shop,22,4.0,38.676687553525,38.67668,-90.2599643915892,-90.25996,$,63115,1
1i1A1gTrIyPdbxI_oYHOLg,Chick'nCone,34,3.5,38.641007655701294,38.641,-90.2621966,-90.26219,,63108,1
zyFn7oqokhaUaPPqd2FbbA,Chase Club,46,3.0,38.643984,38.64398,-90.264292,-90.26429,$$,63108,1
ao_CiBbTA0QHAI16-T14bw,Chong Wah,43,3.5,38.641264163986,38.64126,-90.2457704875927,-90.24577,$,63108,1
a3bZJ-XVjDLS6cs5VuEFOg,Roper's Ribs,83,4.5,38.71779,38.71779,-90.26102,-90.26102,$$,63136,0
6ocjEAlJYLZu0SksTMUZRg,Playboy El Cappuccino,25,3.5,38.717288,38.71728,-90.229209,-90.2292,$$,63147,0
mMYOD9QWfYXo1LY2RPEN7A,Lisa's Chop Suey,19,4.0,38.7260131835938,38.72601,-90.2443389892578,-90.24433,$,63136,0
PL6CzuA_gDqBL_eWc_6ouw,The White Barn,28,4.0,38.751384,38.75138,-90.243537,-90.24353,$,63136,0
U5iSWfTcvzqnur3SZkGBHA,JC Supper Club,13,4.0,38.7285,38.72849,-90.222854,-90.22285,$$,63137,0
VV4l-yVqI2RDR0PYt6QDlA,St Louis Q,14,4.0,38.712947845459,38.71294,-90.2553939819336,-90.25539,$,63136,0
ndrcxVKd-z_M-GiG5w8kYA,C & K Barbecue,32,3.5,38.6994258,38.69942,-90.2713138,-90.27131,$$,63121,0
66iPAV8RfO84cC0W83RrcQ,Miami Grill,6,4.5,38.70341,38.70341,-90.25321,-90.25321,,63120,0
ZxYFj8qagM3LYqd-SlDrgA,Imo's Pizza,64,2.5,38.679527,38.67952,-90.260704,-90.2607,$$,63115,0
31_JqV2ZinZ7Uo4DKiKFEQ,Northland Chop Suey Chinese Restaurant,9,4.5,38.73712,38.73711,-90.27777,-90.27777,$,63136,0
hNYgEnEfGAvHyuHuMHsWMQ,CBS Barbeque and Cafe Brown Stone Catering,6,5.0,38.6769485,38.67694,-90.2677078,-90.2677,$,63120,1
C0wTjg67T6jPvw7M1wsx-g,China House,15,3.5,38.750058809929605,38.75005,-90.2782811349865,-90.27828,$,63136,0
JKmqeigSs6vLKpjoRPhLug,C-W Fried & Grill,3,4.5,38.7275737524033,38.72757,-90.2243922650814,-90.22439,$,63137,0
PbLOYYF-qoENx6Cy2zLK7w,China King,9,4.0,38.7284712084294,38.72847,-90.2758658411666,-90.27586,$,63136,0
54X8EMNaeeMjleWUZENl6w,New York Grill,13,4.0,38.7481134821205,38.74811,-90.2805773427168,-90.28057,$,63136,0
mJJTx-x896dLV2gSMwQ35g,Mack's Chicken,23,3.0,38.748836517334,38.74883,-90.2544937133789,-90.25449,$,63136,0
oe-0vToZLliusFJQrX5Jqw,Wok And Roll STL,5,5.0,38.699878692627,38.69987,-90.358268737793,-90.35826,,63114,0
Vil6Ox7d0GXkKHIzztyUfA,The Bridge Coffee House,20,4.5,38.8364047,38.8364,-90.4959406,-90.49594,$,63301,0
g42sTNn6GziOBpehgO4avg,Speedie Grill,1,5.0,38.72585276765966,38.72585,-90.2276474,-90.22764,,63147,0
gkZbFkzlp8etmXQZSllfMA,Hunan Chop Suey Chinese Restaurant,11,3.5,38.7456512451172,38.74565,-90.2789916992188,-90.27899,$,63136,0
BXuaJeNMyHrxgb8lB6rxgw,Vinh Chop Suey,1,4.0,38.7126274108887,38.71262,-90.22998046875,-90.22998,,63147,0
YgO7Rsia2ggQQ8uOGvKWTQ,Yet Bun Chop Suey,5,4.0,38.68604,38.68604,-90.27185,-90.27185,$,63120,0
Mnr3Qp-sPIpuIjKzENqxVg,Krab Kingz,18,2.5,38.72956,38.72956,-90.27569,-90.27569,,63136,0
sB3spzDkB9eHfwPYLptngg,King Chop Suey,1,5.0,38.71269845316682,38.71269,-90.25493586766979,-90.25493,,63136,0
te6BFDPby1vKXVeJwuX9gw,St Louis Fish & Chicken,5,3.0,38.701561,38.70156,-90.2628632,-90.26286,,63136,0
zlQRnNvR9WnySLUiuUmBSg,Ari’s Ice Cream Parlor and Café,3,4.5,38.68242,38.68242,-90.26623,-90.26623,,63120,0
pYP_dZ0Gf6WNms6OZzx3Qw,Tripe City,9,3.0,38.6775993,38.67759,-90.2547487,-90.25474,,63115,1
djcrL2THl7NlxLbHRh18gw,Kowloon Restaurant,1,5.0,38.71792,38.71792,-90.26087,-90.26087,,63136,0
ltP91jlc90p_2Qe3opWloA,Imo's Pizza,10,1.0,38.72218,38.72218,-90.23947,-90.23947,,63147,0
yMMXSrKjywmLkJiRLw2t0w,Potnar's Fish & Grill,3,4.0,38.750371,38.75037,-90.240482,-90.24048,,63136,0
iDknawncHgDIcoFmlRJCLg,China Chop Suey,2,3.0,38.71259,38.71259,-90.25406,-90.25406,,63136,0
p9d2OHIO3ls4QSplAE_-8w,London's Wing House,12,2.0,38.749156,38.74915,-90.282558,-90.28255,$,63135,0
xpDjY2Z7YP_41Z8aIZZNHA,Truck Norris,7,4.5,38.56493,38.56492,-90.52335,-90.52335,,63021,0
CHcRDqOUB-57i8zSpTjShw,pizza express,2,2.5,53.3336143493652,53.33361,-1.35447728633881,-1.35447,,S20 8ER,0
9hm7q6J-PTJK-kS1b3SO3g,FISH HOUSE,3,3.5,38.691161484075536,38.69116,-90.2768948301673,-90.27689,,63120,0
c-QzuVK3q5BHGcIdI0nHdA,Leawa Chop Suey,3,3.5,38.7494383,38.74943,-90.239626,-90.23962,$,63136,0
q4mFOIxTqdNjVpXtoJJY1g,Son Ja's Soul Food,4,3.5,38.7488649,38.74886,-90.2511631,-90.25116,,63136,0
f_6cI4MdPem_48WgD1Ofcw,Clara B's Kitchen Table,5,5.0,38.5134231,38.51342,-89.98252889999999,-89.98252,,62220,0
pPk68qbu4lnuFhIYrhTDOA,Hawaiian Grill,2,4.0,38.7226135767265,38.72261,-90.2703323960111,-90.27033,,63136,0
1dF6hKCLrdEPDOWcwrXgOA,TJ's Pizza,4,3.0,38.75412,38.75412,-90.19647,-90.19647,$,63137,0
xt0HtWqGkUIJZwQBEnwvrg,Chicken A Peel,1,3.0,38.725119476624,38.72511,-90.2489242257515,-90.24892,$,63136,0
TqmnnAxB6E1O3ufngyt6yQ,Chu Vu III Chop Suey Restaurant,2,3.5,38.7467218,38.74672,-90.2532873,-90.25328,$,63136,0
qWTvDF-7K0ef2SONSnvORg,Lee's Chicken,5,3.0,38.676982129016,38.67698,-90.2525484189391,-90.25254,$,63115,1
QaKp8P_o5cc1xZzVL8nwSg,Imo's Pizza,2,3.0,38.750254851027954,38.75025,-90.25411751121283,-90.25411,,63136,0
Q1NSVwckGLJwwxq662_chA,Rally's,4,3.0,38.6868,38.6868,-90.27039,-90.27039,$,63120,0
uyc-S7lauYjzouYQ2TM76A,Papa John's Pizza,9,2.0,38.74627,38.74627,-90.27987,-90.27987,$,63136,0
_aKr7POnacW_VizRKBpCiA,Blues City Deli,997,5.0,38.60503,38.60503,-90.21798,-90.21798,$,63104,0
0MhxvTys2ADYa3sOO91ldQ,Egg,716,4.5,38.606307,38.6063,-90.219514,-90.21951,$$,63104,0
FryXEasH74MQDnj5Bvz3QA,The Mud House,1024,4.5,38.592947172431906,38.59294,-90.2221437,-90.22214,$$,63118,0
L-VNs3YquPGKVsXl2Ze-Yg,Peacemaker Lobster and Crab,853,4.0,38.60319363987155,38.60319,-90.21549497511919,-90.21549,$$,63104,0
kpl3H_sgfTm-tH3Aa-ML7g,Benton Park Café & Coffee Bar,538,4.0,38.59941,38.59941,-90.21868,-90.21868,$$,63118,0
SJEtfe8kL60bh3D40KTRMw,Frazer's Restaurant & Lounge,281,4.5,38.59907,38.59906,-90.2163999,-90.21639,$$,63118,0
NHb6QTrJOnyIj-Zd0fYzFg,Bogart's Smokehouse,1433,4.5,38.61098,38.61098,-90.20286,-90.20286,$$,63104,0
cQIh4YJlVtZI9TLF5_smOg,The Shaved Duck,1740,4.5,38.60363,38.60363,-90.235876,-90.23587,$$,63118,0
HCYs4zgL7kCLdEqKRqaPbg,Lona's Lil Eats,645,4.5,38.610164,38.61016,-90.226807,-90.2268,$$,63104,0
WzpWEuVWY-6Xh37wc44GiA,Sidney Street Cafe,362,4.0,38.60344,38.60344,-90.217826,-90.21782,$$$,63104,0
37dCsVwCe8yWPkW7TXCLCA,Melo's Pizzeria,136,5.0,38.605027,38.60502,-90.217996,-90.21799,$$,63104,0
eVUP_iOwvsLk6daEmyhESA,Yemanja Brasil,188,4.0,38.6001739501953,38.60017,-90.2214126586914,-90.22141,$$,63118,0
aI3B47Y_AUYFP5K5JAYrlA,Polite Society,821,4.5,38.61756,38.61755,-90.21306,-90.21306,$$,63104,0
CBWmYHLgtFrOJs7SCcQn0g,Pizzeoli Wood Fired Pizza,396,4.5,38.60881,38.60881,-90.20881,-90.20881,$$,63104,0
4xsJN2FuB94w9rMoMo6XFQ,Spare No Rib,258,4.5,38.6061441,38.60614,-90.2196686,-90.21966,$$,63109,0
L4JFBsgfLZIL9SJ5uxXgJw,Teatopia,106,5.0,38.5932908359289,38.59329,-90.2258403753449,-90.22584,$,63118,0
cFk2SMsJ-2cmXKLFFkP9JA,Fritanga,308,4.5,38.60965,38.60965,-90.22165,-90.22165,$$,63104,0
YYqRjbCVyoRfTV1R16eqxw,Gus' Pretzels,205,4.0,38.5967484,38.59674,-90.2174225,-90.21742,$,63118,0
vzG8THG9K2lDu-Ah6vFAVA,Café Piazza,170,4.0,38.5967773450234,38.59677,-90.2178671887859,-90.21786,$$,63118,0
0QYWhij_YZ7Lyk9F6213Sg,Pho Grand Restaurant,692,4.0,38.599449,38.59944,-90.24299,-90.24299,$$,63118,0
AjxjKRNin477A7nKAZciGg,McGurk's,432,4.0,38.607572,38.60757,-90.209949,-90.20994,$$,63104,0
3zI7Ka2_ZsKh4UwbSFnXdw,Lulu's Local Eatery,478,4.5,38.5989113,38.59891,-90.2431412,-90.24314,$,63118,0
X7YBx8CybmIPymZ0ThCmng,Ninth Street Deli at Howards,131,4.5,38.6005985,38.60059,-90.2143307,-90.21433,$$,63118,0
VNvJuCTMdGBj4lwC0L1Ghg,Tree House Vegetarian Restaurant,488,4.5,38.6001414,38.60014,-90.2428773,-90.24287,$$,63118,0
q2gRx1K1mbk6zHV4ZOCChQ,Eleven Eleven Mississippi,586,4.0,38.6196041686602,38.6196,-90.2129194075434,-90.21291,$$$,63104,0
XHbaHX2uBGIn3uw37jl7Og,Hodak's,428,3.5,38.6063804626465,38.60638,-90.2184677124023,-90.21846,$$,63104,0
bqR_3sT_rNp0hZglPtX6rw,Mission Taco Joint - Historic Soulard,583,4.0,38.61085261483117,38.61085,-90.2031170540769,-90.20311,$,63104,0
SMbAySnOc5GVR2iqDwfP7w,Jack Nolen’s,100,5.0,38.601938,38.60193,-90.2078538,-90.20785,$$,63104,0
gku-vC4YB5c7ZuNyLhjNbQ,Taqueria El Bronco,255,4.0,38.5940619247375,38.59406,-90.2306273758456,-90.23062,$,63118,0
F-j6PNGnA8yz77oIZMcPMA,Milque Toast Bar,184,4.5,38.6094213934818,38.60942,-90.2217300018524,-90.22173,$$,63104,0
qfFkIlopQ4U7qm0qHXNnhw,The Bellwether,261,4.5,38.615181,38.61518,-90.208036,-90.20803,$$,63104,0
NiljjvbIIzQPxIPqeLLg2Q,Tucker's Place,441,4.0,38.607224,38.60722,-90.210163,-90.21016,$$,63104,0
r8DNf74pfvCdy29fGuwAoA,Pieces The St. Louis Board Game Bar & Cafe,243,4.5,38.6116768419743,38.61167,-90.2002631127834,-90.20026,$$,63104,0
Ef1QOp6WY6kqWHk2JJCHqg,Mayo Ketchup By Plantain Girl,194,4.5,38.6176793,38.61767,-90.2135059,-90.2135,$$,63104,0
myg9wV_3IgHGa-pVKVjijA,Meskerem Ethiopian Restaurant,354,4.5,38.59884,38.59884,-90.24256,-90.24256,$$,63118,0
GqyOrF5X21ciTjnuSCH5PQ,Square One Brewery & Distillery,665,4.0,38.61698,38.61698,-90.21093,-90.21093,$$,63104,0
zXTO8GaLmRPATr505b4GQQ,The Wood Shack Soulard,247,4.5,38.60893,38.60893,-90.20538,-90.20538,$$,63104,0
QAdaeyJlY8deDP_QbN9ycA,Chava's Mexican Restaurant,438,4.0,38.6085748672485,38.60857,-90.2048483490944,-90.20484,$$,63104,0
BmKCJsV_payJ5ANqC7i85g,The Vine Mediterranean Cafe and Market,515,4.0,38.6003723144531,38.60037,-90.2430114746094,-90.24301,$$,63118,0
niGe9qqepMcewft8_g_zgA,"The Biergarten, St. Louis",156,3.5,38.5989847866783,38.59898,-90.214238932016,-90.21423,$$,63118,0
EEVFMbJ6_YdbP3dHpHzmEg,Little Fox,81,4.5,38.60795,38.60795,-90.227259,-90.22725,$$,63104,0
MT7IZwROgzr0HgJHHxBaMA,Brasilia,229,4.5,38.598448,38.59844,-90.242638,-90.24263,$$,63118,0
eORwNQsgjeJGrUPnQFJ9xA,Neveria La Vallesana,373,3.5,38.59408,38.59408,-90.2303,-90.2303,$,63118,0
GuHvOgWX4LaVYhSjyuGvyA,Steve's Hot Dogs,200,4.5,38.6016,38.6016,-90.24275,-90.24275,$,63118,0
zcpiDuViRY3JrFyFtCJEaA,Sister Cities Cajun,139,4.0,38.5896,38.58959,-90.21823,-90.21823,$$,63118,0
jaOZyyqGi8Qfu4fXh8pvDg,Morning Glory Diner,71,4.5,38.59344,38.59344,-90.22585,-90.22585,$,63118,0
dzeBiAu0VAaVBbMwcV9GFw,Rooster - South Grand,766,3.5,38.60106,38.60105,-90.24188,-90.24188,$$,63118,0
89SD5fNDDnJj-ITB40hLsQ,King & I Thai,477,4.0,38.6011499,38.60114,-90.24278,-90.24278,$$,63118,0
Yu3z-6kGRTYg82F7wRmvPA,Cafe Natasha's,304,4.0,38.598929,38.59892,-90.24272,-90.24272,$$,63118,0
g1KoL8rejZ5tTibsyU0x6A,Have A Cow Urban Farm Store and Cafe,80,5.0,38.61496,38.61496,-90.22489,-90.22489,$$,63104,0
L9WXqSyuKNQS-eqDqTWLgQ,Soulard Gyro,148,4.5,38.60459,38.60459,-90.20663,-90.20663,$,63104,0
wP7GPGHVd79vx92g9QJclg,Shameless Grounds,73,4.0,38.5951278,38.59512,-90.2181085,-90.2181,$,63118,0
Eu5Fq0tpnmqnb-wh25N-vw,Shift Restaurant,76,4.5,38.6106727,38.61067,-90.22402133206427,-90.22402,$$$,63104,0
dSRGkZP3IycrsGoAXE1pHA,Pizza Head,188,4.5,38.59936,38.59935,-90.24242,-90.24242,$,63118,0
Nvx2MceKWAtikcAxk_TBMg,MoKaBe's Coffee House,327,4.0,38.60270282998232,38.6027,-90.24272177280022,-90.24272,$,63116,0
DKyJMM2209QrTgclzoCUpw,Cafe Mochi,484,4.0,38.5984327,38.59843,-90.2430835,-90.24308,$$,63118,0
mduxUVqfm9Xv7gkgjk_xQQ,Elaine's Classic American Sandwiches,72,4.5,38.59342,38.59342,-90.2247,-90.2247,$,63118,0
Cu6tRoryxKNSR5aFv18wzQ,Lemp Mansion Restaurant & Inn,175,3.5,38.59321,38.59321,-90.21578,-90.21578,$$,63118,0
cEgsHkAnpYQbA60pIIZYKQ,The Taco and Ice Cream Joint,204,3.5,38.59368,38.59368,-90.22933,-90.22933,$,63118,0
F0Q9o6yuYh8f0DYl1RFjxQ,SqWires Restaurant & Market,422,3.5,38.6161,38.6161,-90.2116999,-90.21169,$$,63104,0
13oEDtCHrOvbhsHzno2Vvw,Kitchen House Coffee,108,4.5,38.60923,38.60922,-90.233536,-90.23353,$,63104,0
TPDnR26QPqU9sWanjd-ldg,Terror Tacos,75,4.5,38.599607,38.5996,-90.24299,-90.24299,$,63118,0
oMUBdWkgMD1Yhiyx9-BC9A,Sheesh Restaurant,210,4.0,38.5984399,38.59843,-90.24263,-90.24263,$$,63118,0
YJ-sr_YVhnsZaBl-j9tjCg,Epic Pizza & Subs,204,4.0,38.610534,38.61053,-90.203174,-90.20317,$,63104,0
TEbrlE0Ksk_EYBxndQVSVg,Lefty's Fried Rice,52,4.0,38.5997,38.5997,-90.22369,-90.22369,,63118,0
fBafnubpYG3wbpe2p6SdgQ,Taste of Persia,72,4.5,38.59979,38.59979,-90.24311,-90.24311,,63118,0
Lpuvf-1pHW1Roh6bPm1fPw,Twisted Ranch,420,3.5,38.6089037887657,38.6089,-90.2013437083381,-90.20134,$$,63104,0
dXCHtPZ7VdAM98QS_JRksg,Crafted,174,4.0,38.6088638305664,38.60886,-90.2341537475586,-90.23415,$$,63104,0
l80CVZqUuCFf6x239ach8w,Burger 809,21,4.5,38.5927045,38.5927,-90.2183843,-90.21838,,63118,0
UNtta3w643ZWsJ7JDxhC9g,Hammerstone's,178,3.5,38.60663,38.60663,-90.20504,-90.20504,$,63104,0
ldBhNb6DnmretKOCLhjZdA,Gooseberries,79,4.5,38.58646,38.58646,-90.23077,-90.23077,$$,63118,0
AXjlOs3MExDcEEvuEuQ-dw,Pho Long Restaurant - South City,94,4.0,38.61008,38.61008,-90.24126,-90.24126,$$,63104,0
nn5tvvgFtnoyCocACvXmJQ,Molly's in Soulard,302,3.5,38.608145,38.60814,-90.204057,-90.20405,$$,63104,0
8iUZth_qBgz_GTgaIgyOaw,Mauki's Bakery & Country Store,37,5.0,38.609322,38.60932,-90.202136,-90.20213,$$,63104,0
4C8l_E3E3bv3napG0PDooA,BooCoo,25,4.5,38.599999,38.59999,-90.211963,-90.21196,,63118,0
P9RXoXv0jz8fpabTGP8FfQ,Black Forest Kaffee Haus,26,4.5,38.60658803603177,38.60658,-90.23005453497166,-90.23005,$,63104,0
Llu8_Lx2DFthmr99_eiOLA,Wei Hong Bakery & Restaurant,138,4.0,38.60038,38.60038,-90.24302,-90.24302,$,63118,0
zfEo4tP99LrLn4TG6_PIJw,Grand Rising Smoothie & Juice Bar,18,5.0,38.60586,38.60586,-90.22615,-90.22615,,63104,0
pG5hLBK49Oz2TLX2qY6UQw,LemonGrass,207,3.5,38.6007488518953,38.60074,-90.2426326274872,-90.24263,$,63118,0
k2fvyjaTNYFQJw757Bgqbg,Padrinos Mexican Restaurant,32,5.0,38.6016,38.6016,-90.24275,-90.24275,,63118,0
SmFRXkAqpNPz8h6PcRd2Xg,Big Daddy's Soulard,91,3.5,38.6013777080127,38.60137,-90.2100553644181,-90.21005,$,63104,0
qeue741QLmfoDCbgSrZTLQ,Yaquis,81,3.5,38.593571,38.59357,-90.2290474,-90.22904,$$,63118,0
naFGcne3L3jawX6dojSE4w,"1860 Saloon, Game Room, & Hardshell Café",130,3.5,38.60845,38.60845,-90.20412,-90.20412,$$,63104,0
tLyCTAEh9CvSDJvivn43jA,Lilly's Panaderia,14,5.0,38.5937301493927,38.59373,-90.2299059441805,-90.2299,$,63118,0
siN5JEv_AQj037pwcN32pg,Jerk Soul,93,3.5,38.594317,38.59431,-90.235076,-90.23507,$,63118,0
aePpEsIT6LzGuNDjS5U0Ag,D's Place,49,4.0,38.6027348,38.60273,-90.2072451,-90.20724,$,63104,0
20-EyTyDc2-a30iDAQj64g,City Diner,382,2.5,38.6016372760861,38.60163,-90.2427568819282,-90.24275,$,63118,0
ckNVsfVzpo9FJPO0Axrw3A,Basil India,33,4.5,38.59979,38.59979,-90.24311,-90.24311,,63118,0
fabhgrgPWijO6LuSGfkytQ,Gather,13,4.5,38.60891,38.60891,-90.21499,-90.21499,,63104,0
Nssa2tsfDlSdiURc_0qDFg,Llywelyn's Pub,129,3.5,38.610071,38.61007,-90.2032713,-90.20327,$$,63104,0
JmubyfPmoEk86QnBsdSrLQ,POP,40,4.0,38.617402033918935,38.6174,-90.21283059508788,-90.21283,$$,63104,0
1LEkH6fV3Oa-4xYShrPE0g,Joanie's To Go,59,3.5,38.606,38.606,-90.2046,-90.2046,$$,63104,0
EI-x2auko13oNtjz0dbiXw,The Choice Something Special By Lillian,53,3.0,38.59531,38.59531,-90.22545,-90.22545,$$,63118,0
1Ob3XOZ9LqmGSc1sB4cLVA,Riley's Pub,62,4.0,38.60214,38.60214,-90.23985,-90.23985,$,63118,0
Xsb03EMofMgLioiRLtU19Q,Old Rock House,85,3.5,38.61526,38.61526,-90.19626,-90.19626,$$,63104,0
ftwDf0pQxJEWNK4t_5HXLg,Navin’s BBQ,25,4.5,38.60288,38.60288,-90.24169,-90.24169,$$,63118,0
xbI-_66pG3Lzuuj4R4mONg,Diners Delight,66,4.0,38.6194915771484,38.61949,-90.2315444946289,-90.23154,$,63104,0
MxRCy8mCzNJVzZ5EgOSiXw,Iowa Buffet,23,4.5,38.5884901,38.58849,-90.2298115,-90.22981,$,63118,0
-_PJA3nxv4BfnNz7nZS93A,Joyful House Vietnamese Cuisine And Seafood,32,4.5,38.58612833,38.58612,-90.24389,-90.24389,$$,63118,0
H4YMLj904tB53hUKG6wfWQ,Hectorito Restaurante,30,4.0,38.59406,38.59406,-90.22961,-90.22961,$,63118,0
iNffkHoswExv1sc2WG3U5g,Don Carlos Restaurant,39,3.5,38.59376,38.59376,-90.23036,-90.23036,$,63118,0
7RGlWg6UzTsfEfH4ITdCOQ,Knockout BBQ,34,4.5,38.60106,38.60105,-90.24188,-90.24188,,63103,0
Nxn0D6s-VX8Kgp0pC2v-HQ,Caribbean Delight,43,4.0,38.5927691573576,38.59276,-90.2430366666687,-90.24303,$,63118,0
jAZA56ZBf9UaMAKbquewrw,Duke's,66,3.5,38.60802,38.60802,-90.2074,-90.2074,$$,63104,0
93fnWY-kuIeJVTGMw7RvAA,Db's Sports Bar,63,3.5,38.609492,38.60949,-90.199398,-90.19939,$$,63104,0
fVqYn3JXW4ngNxIB_cmvcw,Kim Van Restaurant,20,4.0,38.604419708252,38.60441,-90.2249908447266,-90.22499,$,63118,0
6ECHG59P5Bau0tGMzPQBSw,Sueño Latino Restaurant,12,4.5,38.59375,38.59375,-90.23083,-90.23083,,63118,0
EwqQAb-UUN_BVrvnwr3hpg,Lee's Famous Recipe,21,3.5,38.6043499,38.60434,-90.22353,-90.22353,$,63118,0
U0fudm5-3PbziT5dagM10g,Great Grizzly Bear,20,4.0,38.60946,38.60946,-90.20693,-90.20693,$$,63104,0
Dq0W5tFdlXIQWFNPYCnfMA,Tacos La Jefa,13,5.0,38.58075370508701,38.58075,-90.24113588708488,-90.24113,,63118,0
vKe17_Y2bTHjXeFyjMbpnw,Park Chop Suey,54,3.5,38.619557,38.61955,-90.203977,-90.20397,$,63103,0
76ouVMYq0nLRyY_xeq2v7Q,The Cedars at St Raymond's,18,4.5,38.6177406,38.61774,-90.1995087,-90.1995,$,63104,0
Bo_pVJqHKAVACHHd0yW1dQ,Irish Corner Pub,20,3.5,38.592205,38.5922,-90.218867,-90.21886,$,63118,0
2p5TB4Jd4Pas1oAvfoAzkw,Carniceria Latino Americana,13,4.0,38.59376,38.59376,-90.23036,-90.23036,$,63118,0
k7QUOKv_Btv4ca58gkGq9w,La Manganita,6,5.0,38.593797,38.59379,-90.23055,-90.23055,$,63118,0
dcLYXtPBf68QqlwGQSAkRA,Social House Soulard,89,3.0,38.61058,38.61058,-90.19979,-90.19979,$$,63104,0
AX4bsa-cmMnjOCx0f75cTg,Julia's Market Cafe,6,5.0,38.6104632,38.61046,-90.2002301,-90.20023,$,63104,0
HEW_x9ZoAj-uNgEiOTcnjw,Buttery Restaurant,36,3.5,38.59066,38.59066,-90.24454,-90.24454,$,63118,0
mkWcG0FHvJW1TngmDKEFkw,The Cheshire Grin Cat Cafe,4,4.5,38.5923366,38.59233,-90.2196765,-90.21967,,63118,0
qGtEgy3ws-Arxr5_91YmSA,Hong Kong Express,26,3.5,38.6100807,38.61008,-90.2412567,-90.24125,$,63104,0
hyq0W0_Sc5PNyXBdxVki5g,St. Louis Bread,48,2.5,38.60609166383189,38.60609,-90.20263335945589,-90.20263,$$,63104,0
V2YWzOIm71s5Zom9JwqXZg,Hong Kong Express,9,3.5,38.59299,38.59299,-90.22519,-90.22519,$,63118,0
bbDOCJUkRVV3WOKV4RLXjQ,Imo's Pizza,44,2.0,38.6011238098145,38.60112,-90.231315612793,-90.23131,$$,63118,0
MMxHhJz3RSXJwgrnehbvXw,Grand Spirits Bottle Co.,4,5.0,38.59937934408274,38.59937,-90.24262899620534,-90.24262,,63118,0
UV-lUhcOYGfDuoxBaYZvkQ,QuikTrip,12,3.5,38.60226762131592,38.60226,-90.23015464076732,-90.23015,$,63118,0
uhci_Nm_QL0n4oeSliz3ZA,Louisiana Fish & Chicken,24,2.5,38.5935024913378,38.5935,-90.225245,-90.22524,,63118,0
NYcvXFstPsomAlhnkL4G_w,El Capral Mexican Grocery,3,5.0,38.59417,38.59417,-90.2306399,-90.23063,$,63118,0
7i63l_oRdXZ9auHNahXJSA,New China Chop Suey,11,4.0,38.595357,38.59535,-90.239742,-90.23974,$,63118,0
4y7BlEqWDN_Qvk1j8-mWzA,Juan More Tamale,8,4.0,38.6104632,38.61046,-90.2002301,-90.20023,$,63104,0
3Z9wZypDOTeHH6P4PmIXUA,Buzzs Hawaiian Grill,14,3.5,38.6062379,38.60623,-90.2390325,-90.23903,,63118,0
tKokqylsnieTLhDbWxZgfQ,Juanitas,18,3.5,38.580827,38.58082,-90.2410679,-90.24106,,63118,0
t1vimfx5iZGDnuyzAePSFA,MadMexica,3,4.5,38.6006,38.6006,-90.21368,-90.21368,,63118,0
DVW9wdWzxzbV1UlUQdfntg,Crepes and Treats,6,5.0,38.58081,38.58081,-90.24107,-90.24107,,63118,0
K5gNiYeNriJsaqyJewZl0w,QDOBA Mexican Eats,37,2.5,38.602514,38.60251,-90.242018,-90.24201,$,63118,0
sjE5w4MiRYJ9Sw1UPh6tWw,Carson’s,50,2.5,38.61024,38.61023,-90.20268,-90.20268,$$,63104,0
3HuJFaspIb8fW2zQh7CP1A,Ranell's Cafe,13,3.5,38.6158218,38.61582,-90.2323303,-90.23233,$,63104,0
LCMpkeQWHdCbuX0Nlkmeow,Jack in the Box,33,2.0,38.6083708148045,38.60837,-90.2134206,-90.21342,$,63104,0
ymCAEkeLE7P7SDfICgDp-Q,China King Express,26,2.5,38.59346,38.59346,-90.243,-90.243,$,63118,0
CHclTsZ_JF6pBd3hwOV-sQ,Papa Johns Pizza,18,3.0,38.59132,38.59132,-90.24381,-90.24381,$,63118,0
j4GqzmRi-WT5quaDMJsKLw,H & M Best Fried Fish,5,4.0,38.5872421264648,38.58724,-90.2339019775391,-90.2339,,63118,0
0YiRkVMR2cg17hk9u6nGhg,Elicia's Pizza,60,2.0,38.5982093811035,38.5982,-90.2366638183594,-90.23666,$$,63118,0
X6IUpLg0HqLDOmJ3_YcvHg,The Fattened Caf,2,5.0,38.59342,38.59342,-90.22862,-90.22862,,63118,0
I0aLpV_Tl6Sixr1xzJRPUw,A-1 Wok Restaurant,16,2.0,38.60826,38.60826,-90.21393,-90.21393,$,63104,0
e6f8CiTLhFbcG3akdyNu5w,Jimmy John's,43,2.0,38.6094429,38.60944,-90.199629,-90.19962,$,63104,0
Voe6M8FbJcC6MlNOkf1WJA,Rally's,20,1.5,38.60296,38.60296,-90.22385,-90.22385,$,63118,0
IPBmF20YfBS8NC0grIFUtg,China King,12,3.5,38.58294,38.58294,-90.22715,-90.22715,$,63118,0
8U-j_Xz3WMwlI7UTr2zt4w,"Pop's Steak, Fish & Chicken - South Grand",11,3.0,38.59087,38.59087,-90.24451,-90.24451,,63118,0
YVy2DgGfNmG5hWYbA7k8jg,SweetArt,485,4.5,38.61171,38.61171,-90.24609,-90.24609,$$,63110,0
oUgmm76-UCd5N0z4xwDOYw,Grbic Restaurant,287,4.5,38.58786,38.58786,-90.2567,-90.2567,$$,63116,0
JgTSG4rIDf20Kgp6U_asng,Blackthorn Pub and Pizza,456,3.5,38.59975,38.59975,-90.2464,-90.2464,$$,63116,0
iay91CweEOzRIW6wjcOjuA,Truc Lam,173,4.5,38.592109,38.5921,-90.247962,-90.24796,$,63116,0
EfXTQPiVBym_2KoG7-XeSw,Banh Mi So 1,253,4.0,38.5828599,38.58285,-90.2449199,-90.24491,$,63118,0
HzUJO2v5lUEIeYoOYsdWbw,Russell's on Macklind,631,4.5,38.586689,38.58668,-90.284507,-90.2845,$$,63109,0
DMlBzp6bs_f8WK8xQQvZWQ,Mariachis II Mexican Restaurant,185,4.5,38.5835609436035,38.58356,-90.2647933959961,-90.26479,$$,63116,0
Nk4qSOwcVdAT1CMOzU3O0g,The Stellar Hog,151,4.5,38.57299172273534,38.57299,-90.26494941154162,-90.26494,$$,63116,0
sHwNZLuLZvlVBX17b7RgTw,Cafe Nova,225,4.5,38.579334,38.57933,-90.281582,-90.28158,$$,63109,0
pi-y4uXjkOWeuBSI8bv2Wg,Majeed Mediterranean,118,4.5,38.582594,38.58259,-90.265179,-90.26517,$$,63116,0
LGYIhGqbYakMMdsn_GCzJg,Anthonino's Taverna,1041,4.5,38.61439,38.61439,-90.2779599,-90.27795,$$,63110,0
BOjpe0u5u_cm9SWMS2KLFg,Stacked STL,729,4.5,38.5491133,38.54911,-90.2622763,-90.26227,$$,63111,0
R_u4QTal0d5f-FHr7BUXcw,Smoking Barrels BBQ - St. Louis,303,4.0,38.5786660097518,38.57866,-90.2823078632355,-90.2823,$$,63109,0
1ulD4HL2G8qbpEuuWFDSqQ,Himalayan Yeti,262,4.5,38.595207,38.5952,-90.271553,-90.27155,$$,63139,0
Zz1utCut0psbC4brBjvSEg,Novella Wine Bar,57,5.0,38.5797389,38.57973,-90.27945,-90.27945,$$,63109,0
hbs43HZRB1nwMzMtiT9lsQ,Edibles & Essentials,169,4.5,38.5794800971301,38.57948,-90.2941109240055,-90.29411,$$,63109,0
VJ-c-Yjj1qv7dKS5YaYoHg,Union Loafers Cafe and Bread Bakery,460,4.5,38.6197526317247,38.61975,-90.2560092087676,-90.256,$$,63110,0
CTvHlHQ4jzRO8gkkl4O8zQ,Pizzeria Tivoli,192,4.5,38.5769948214318,38.57699,-90.2833217382432,-90.28332,$$,63109,0
56M2bwaaSzcmzr2dyEfYQw,Adriana’s On The Hill,404,4.5,38.617843,38.61784,-90.270609,-90.2706,$$,63110,0
Mtz-kGJXnEwJqnj2YSnTpg,Tiny Chef,30,5.0,38.58326,38.58326,-90.26691,-90.26691,,63116,0
jNomt0h259DYpwkrVslqTA,Zlatno Zito,37,5.0,38.584239,38.58423,-90.263926,-90.26392,$,63116,0
1o9IdLrFGMS2o5Y8uXKC0Q,Adam's Smokehouse,351,4.5,38.6093667,38.60936,-90.29013,-90.29013,$$,63139,0
ZIpPvfIGlrxhsAz1ID0tYg,Salt + Smoke BBQ Bourbon Beer,338,4.5,38.57999,38.57999,-90.29402,-90.29402,$$,63109,0
dtU_DsHVOCi-2-mWe7gabw,Charlie Gitto's On the Hill,704,4.5,38.6179194,38.61791,-90.273478,-90.27347,$$,63110,0
56TulnfOZy0JI96zwVv27w,Gioia's Deli,387,4.5,38.6174,38.6174,-90.2768,-90.2768,$,63110,0
k8hFz4Gty5dHlDV4Wt8FqA,Southwest Diner,768,4.5,38.61342,38.61342,-90.30569,-90.30569,$$,63143,0
EPXnaI6YQlmK5VUDAI0o7A,The Gyro Company,219,4.5,38.56503,38.56503,-90.29238,-90.29238,$,63109,0
AixPbZxJkgRyjxVqrpPAmw,Zia's on the Hill,753,4.0,38.6159188,38.61591,-90.274905,-90.2749,$$,63110,0
_xWm_EgCq4dGTjo_DmEVWw,Indo,245,4.5,38.619379,38.61937,-90.2560987,-90.25609,$$$,63110,0
a1GY-xy-PKrPXlMbhBv5ZA,Onesto Pizza & Trattoria,291,4.0,38.57659,38.57659,-90.28689,-90.28689,$$,63109,0
YbkD76a_vnGYpMrFLETIyA,Alpha Brewing Company,172,4.5,38.598477,38.59847,-90.26312,-90.26312,$$,63116,0
ay9zMsFHhwD483o8Zwdc_A,Apollonia,200,4.0,38.57025,38.57025,-90.28449,-90.28449,$$,63116,0
kpK6SmxIiNoGPNhlEGiL4w,Trattoria Marcella,392,4.5,38.597361,38.59736,-90.300388,-90.30038,$$,63109,0
zvcyW3ZtPYWziX7k9tCFBg,Bo Fung Chinese Kitchen,219,4.0,38.57081,38.57081,-90.28392,-90.28392,$,63116,0
FF45pKN_lzqG8Bqk-_HQvw,Go! Gyro! Go!,51,4.5,38.5844866,38.58448,-90.266699,-90.26669,$,63116,0
WYFbNrYDgw7gNDvMxa0rKA,Dos Reyes Mexican Restaurant,206,4.5,38.57761,38.57761,-90.29388,-90.29388,$$,63109,0
gKBqK-FFq7EGOUscBqb1iA,The Royale Food & Spirits,390,4.0,38.60399,38.60399,-90.26896,-90.26896,$$,63139,0
DgLwvHu6wNt2SrFvE5xxHQ,Old St Louis Chop Suey,101,4.0,38.590571,38.59057,-90.270236,-90.27023,$,63116,0
GW-H37yWCNhgWPg9RwKbVA,Sameem Afghan Restaurant,549,4.5,38.62706,38.62706,-90.25839,-90.25839,$$,63110,0
U4DpkzcADkXFZzYaX9smjQ,Sultān Mediterranean Restaurant,331,5.0,38.6271273,38.62712,-90.2542997,-90.25429,$$,63110,0
Nq1Kn7ud84upBHz9chFW0A,The Gramophone,362,4.5,38.627274,38.62727,-90.255839,-90.25583,$$,63110,0
MuKoTR56s6elHEI2wUkgJA,Grace Meat + Three,480,4.5,38.62675,38.62675,-90.25662,-90.25662,$$,63110,0
I_3LMZ_1m2mzR0oLIOePIg,Pappy's Smokehouse,4046,4.5,38.635146597249,38.63514,-90.22400327229,-90.224,$$,63103,0
4nDVM0XqWrcKQbMYlXDWCg,Urban Chestnut Brewing Company,384,4.0,38.62667,38.62666,-90.26114,-90.26114,$$,63110,0
4Cz38KFH0HrX-TCYDaQQwg,Songbird,131,5.0,38.630305,38.6303,-90.26066,-90.26066,$$,63110,0
rBdG_23USc7DletfZ11xGA,Olio,409,4.0,38.6195426344625,38.61954,-90.2558054466271,-90.2558,$$,63110,0
C2JtfhOZ3PPzIS9V5arQ2A,Rise Coffee House,321,4.5,38.627167,38.62716,-90.25334,-90.25334,$$,63110,0
gEJ3a8-m6VB827e6GHromw,Sauce on the Side,245,4.5,38.6271043879237,38.6271,-90.2566847205162,-90.25668,$$,63110,0
4ZNCc1GzJZkS7XI1c9rCMA,Layla,506,4.0,38.627157528840335,38.62715,-90.25757265653289,-90.25757,$$,63110,0
DzVYXX8mc5x31BbaP8c0_Q,Mac's Local Eats,423,4.5,38.63014159605092,38.63014,-90.2813372,-90.28133,$$,63110,0
jJKmOo4aeo_NanXQn1gjiw,BEAST Butcher & Block,227,4.5,38.627244,38.62724,-90.25225,-90.25225,$$,63310,0
kZVkrF0Cy-xwfpO94g-ylw,Confluence Kombucha,89,4.5,38.6265,38.6265,-90.26184,-90.26184,$$,63110,0
5TVWytR2oNbSKYgfxypuBw,La Patisserie Chouquette,232,4.5,38.6197152,38.61971,-90.2556467,-90.25564,$$,63110,0
oHvEgLH6pAkcrPmeR1l3UQ,Retreat Gastropub,679,4.5,38.637185,38.63718,-90.246496,-90.24649,$$,63108,0
wMyHVb54Ne9SNasa4kjOCg,Carnivore,302,4.5,38.61842,38.61842,-90.27418,-90.27418,$$,63110,0
X7yGrz7oDbt8UY5rdmJc_w,Everest Cafe & Bar,378,4.0,38.627848052239855,38.62784,-90.25192630122339,-90.25192,$$,63110,0
rdtx0kMDoC15FvNyom6W_g,J Devoti Trattoria,194,4.5,38.61642,38.61642,-90.271,-90.271,$$$,63110,0
qfABDeMSCirVPeG6BfcUEA,The Scottish Arms,519,4.0,38.6364243784603,38.63642,-90.2466976483621,-90.24669,$$,63108,0
QqvMMaeNJqaEJihkhdYiAQ,Guido's Pizzeria & Tapas,473,3.5,38.61748,38.61748,-90.2703499,-90.27034,$$,63110,0
o62Bm9NyZ20u8EHuhRPB4g,Chao Baan,208,4.5,38.6283086342257,38.6283,-90.2496264662572,-90.24962,$$,63110,0
91vP2e7AIvTRNPErOkKZYQ,Nixta,207,4.0,38.6200299367931,38.62002,-90.2560399845242,-90.25603,$$,63110,0
iDZmCTXMxZi_HlAmOKyEeQ,Mama's On the Hill,519,3.5,38.61497,38.61497,-90.27499,-90.27499,$$,63110,0
R8t9g5nvi7VFyS8zsgmj8Q,Salt + Smoke,1792,4.5,38.6561019915198,38.6561,-90.3050984712865,-90.30509,$$,63130,0
3VYxaeo6BJNHbVIIfmWN_w,Vicia,260,4.0,38.635511313054,38.63551,-90.2523982638932,-90.25239,$$,63108,0
jQBPO3rYkNwIaOdQS5ktgQ,The Fountain On Locust,1047,4.5,38.6361984119961,38.63619,-90.2230380317509,-90.22303,$$,63103,0
oRe0iraGEsVSNKxcp_hjbw,Blk Mkt Eats,319,4.5,38.63583,38.63583,-90.24227,-90.24227,$$,63108,0
S6tR7vBAg-3b9mGLB13-Ug,Fiddlehead Fern Café,173,4.5,38.6142426192432,38.61424,-90.2507081489625,-90.2507,$$,63110,0
N2pULwcdouGh3HwmMO67SA,Gian-Tony's On The Hill,265,4.0,38.616983,38.61698,-90.276958,-90.27695,$$,63110,0
9GdGe93oLy8MTtmEsfmgEg,Sanctuaria,364,3.5,38.6272097,38.6272,-90.2540299,-90.25402,$$,63110,0
z69FJe3Ha13OVwk_R9n8fg,El Cielito Lindo,5,3.5,38.593792,38.59379,-90.2305832,-90.23058,$,63118,0
xF2vmaDJMEr7LfAqvSdYXQ,Arkansas Fried Chicken,5,4.0,38.65951,38.6595,-90.25315,-90.25315,,63113,1
Py03f_TfjPxt0MT6uFok8g,Kings Fried Rice Chopsuey,4,4.0,38.6621721088886,38.66217,-90.2161082625389,-90.2161,$,63107,0
Ct4ViQVhkA2fTQ2K9LGx_w,El Potro Restaurant,2,5.0,38.61671142857116,38.61671,-90.30771513068801,-90.30771,,63143,0
VmSWqWZ0-bdWwYgSlnJVUA,The Painted Giraffe,2,4.0,38.6336708,38.63367,-90.2909546,-90.29095,$,63110,0
C2b4cTVDHf8gAmwwnzH5yQ,Mama 2's Biscuits,1,4.0,38.60279,38.60279,-90.26166,-90.26166,,63116,0
m_vSn2NOcVNLQYaEf1o-5g,Blue Ultra Lounge,2,4.5,38.654793,38.65479,-90.291324,-90.29132,,63112,1
ssg1fbwkHKTxn4aPl6LJMQ,Pizza Hut,21,2.0,38.5882976136128,38.58829,-90.2934165997249,-90.29341,$,63109,0
i-D524LzcUA_vgF5LzsAnw,Café at CAM,1,5.0,38.64047,38.64047,-90.23492,-90.23492,,63108,0
ZSFKuTt8rmI2nSz8dFGT5A,Cluster Busters Sweet Treats,2,4.5,38.6553,38.65529,-90.24336,-90.24336,,63113,1
YpH3mZPgyu2VA0tFy48C_Q,Casa Tequila Inc. Mexican Restaurant,5,4.0,38.584565,38.58456,-90.262529,-90.26252,,63116,0
SJISn42iwUf7bY52EiG0Jg,Whittemore House,4,4.0,38.64599609375,38.64599,-90.3091888427734,-90.30918,,63105,0
qrkZajAAMkyXYF6C1kfZXg,Gary’s Fine Dining,6,2.5,38.639559,38.63955,-90.231455,-90.23145,,63103,0
IKW0KLiIapNXopPJI4yF9w,Tuber Organic Cafe,1,5.0,38.63018,38.63018,-90.2605,-90.2605,,63110,0
ZXbbfWRWzuPmCood9RqqHg,K and M Market,1,5.0,38.6484906948839,38.64849,-90.2338069058469,-90.2338,,63113,0
aVLQMUJe4cpy89SYalqIyA,Crown fish and chicken,1,5.0,38.65043,38.65043,-90.232134,-90.23213,,63113,0
7vdQqFSk9rkwDFoRJkqZFA,Shell Cafe,1,2.0,38.6340656,38.63406,-90.2625844,-90.26258,,63110,0
idxhRZ9xYtF_MR7rkyX22w,Blanca Mexican,1,5.0,38.5940018,38.594,-90.2291412,-90.22914,,63118,0
alVp4NG0wH4fKrdCoIaLQg,Cusumano's Pizza,10,2.0,38.615581,38.61558,-90.311912,-90.31191,$,63143,0
fxdqfaDvZY2PB4qVpTRWRg,QuikTrip,6,3.0,38.5894521370469,38.58945,-90.2572394948875,-90.25723,$$,63116,0
i-QG1HJvXUI2KtdZw3NrYQ,Jefferson Chop Suey,8,2.5,38.6163,38.6163,-90.22038,-90.22038,,63104,0
dqlNQH0m3IiF_NLZH6kRDg,Holy Trinity Serbian Fish Fry,1,5.0,38.6115414033331,38.61154,-90.2169803157449,-90.21698,,63104,0
18uqBEPxMOHrCrv0hAcXKw,Beirut Market,1,5.0,38.592103,38.5921,-90.248837,-90.24883,,63116,0
qQgBSubT93qCJ57GFU8Vxw,Chicago Fish*Chicken*Grill,11,2.0,38.6623271167449,38.66232,-90.3080581151068,-90.30805,,63130,0
YI_le0c2b_a0umEtci2WvQ,Rebel Lounge,1,5.0,38.654821,38.65482,-90.296261,-90.29626,,63112,0
Y9nWudOP-1zS3P6mKprxKQ,Manchester Pho & Rice,2,3.5,38.59216405447868,38.59216,-90.24762527057865,-90.24762,,63116,0
4Dz6gWPqcNvUpe1YqHf1zw,Anheuser-Busch Dining Room,1,5.0,38.62892851981444,38.62892,-90.2792646,-90.27926,,63110,0
YC0tzRnL0Y4ogmuUOZPgkA,Chicago Grill,5,3.0,38.59161,38.59161,-90.25166,-90.25166,,63116,0
dKEf6BRSuUW4nLCHJsJTKA,Old St Louis Chop Suey,2,3.5,38.61285,38.61285,-90.26878,-90.26878,,63110,0
wSHapSJ2D4epuwHV7fTf7w,Golden Coin House,2,3.0,38.6555041372776,38.6555,-90.2426359802485,-90.24263,,63113,1
4ZmvyukoTBJqJQwKr0AH0w,Wing Street,1,3.0,38.6406164415138,38.64061,-90.2471487128856,-90.24714,,63108,1
dXhZTMxjzY7jCQXecWTzYw,Cajun Seduction,2,2.0,38.644850721272185,38.64485,-90.25333971329702,-90.25333,,63108,1
iIc3URMZJmDAaw8ChEGiAg,Harold's Chop Suey,2,4.0,38.657844,38.65784,-90.272148,-90.27214,,63113,1
khoT2a9Illvn_aC09yAFXA,Zacchi Food Truck,1,4.0,38.63098,38.63098,-90.1929,-90.1929,,63101,0
2byVGn-ThXPpAB_1cNgyJg,Subway Restaurants,5,2.0,38.58842,38.58842,-90.30962,-90.30962,$,63109,0
U3Gz2dpAHv_1W542dh47jg,Calvary Baptist Church Fish Fry,1,4.0,38.6392767727375,38.63927,-90.2172750234604,-90.21727,,63106,0
9KatEMj8pRNPCMVi5U2Vdg,Monte Bello Pizzeria,88,4.0,38.5495137853444,38.54951,-90.2751352609909,-90.27513,$$,63125,0
XMGjDIAFbu9VSmWDs-Ev5w,The Haven,104,3.5,38.5677032470703,38.5677,-90.2760543823242,-90.27605,$$,63116,0
FwtUXIQF3JB_03J5l8l_SA,CC’s Vegan Spot,40,5.0,38.5718322,38.57183,-90.2876206,-90.28762,$$,63109,0
jbTbbRXXTMxns06ofT8MkA,China Garden,43,4.0,38.57007,38.57007,-90.2847,-90.2847,$,63116,0
faReoVCPuY0XUE3CSIVsAg,Sushi Hana,149,4.5,38.55637,38.55637,-90.31071,-90.31071,$$,63123,0
8V9G6dC9sLCGp1LQVrmXwA,Aya Sofia,307,4.0,38.5903663635254,38.59036,-90.3068008422852,-90.3068,$$,63109,0
a5KwXU9ddmlY-PtZSkp-cw,Syberg's Gravois ,149,3.5,38.5614736,38.56147,-90.2981527,-90.29815,$$,63123,0
BLvL1pUrgpzt2bJHRQ5yvQ,Riverside Diner,68,5.0,38.5414204309132,38.54142,-90.2599898725748,-90.25998,$,63111,0
G_9q71F6KZ0l4qqBUjF4lQ,Yapi Mediterranean Subs and Sandwiches,51,4.5,38.5747724,38.57477,-90.2949072,-90.2949,,63109,0
6EKawoqscJ0IYNjtfpd0_w,Kabul Express STL,98,5.0,38.5338615225544,38.53386,-90.2762259542942,-90.27622,$$,63125,0
ZfZhTZ5CHU5LQDeEUGsE_Q,Salvage Yard Bar and Grill,119,4.0,38.581786,38.58178,-90.293106,-90.2931,$$,63109,0
duaBfE0uvFBgKeeQnhXkWw,SharpShooter Pit and Grill,61,4.5,38.560188,38.56018,-90.301192,-90.30119,$$,63123,0
8ZFC_TnP_hAsn0rgoK7KAA,Chimichangas Mexican Restaurant,213,3.5,38.57011,38.57011,-90.25353,-90.25353,$,63111,0
Zh_ehXDxXNtjwE1AA_dAoQ,Chicken Seven,35,4.5,38.56309,38.56309,-90.25881,-90.25881,,63111,0
rfbfSleg64ObTGGRMZgt3A,Pueblo Solis,255,3.5,38.5845,38.5845,-90.29311,-90.29311,$$,63109,0
7m9QY137WtxvdhgSUdetaw,River Des Peres Yacht Club,45,4.5,38.5482723769208,38.54827,-90.2647571678446,-90.26475,$,63111,0
lQ58_4SzdETRSw0h8tilhA,Uncle Bill's Pancake & Dinner House,367,3.5,38.59697,38.59697,-90.2712,-90.2712,$$,63139,0
1E21KhW87jqQGuzYSxG_xQ,China King,66,3.5,38.55772,38.55772,-90.26219,-90.26219,$,63111,0
QV7QOLww8ym3E2zBgdE2Ow,Medina Mediterranean Grill,292,4.5,38.6322218924761,38.63222,-90.1986940205097,-90.19869,$,63103,0
2BMk_drsikKWslJCXmQtjQ,Rooster - Downtown,2026,4.0,38.63164,38.63163,-90.19463,-90.19463,$$,63101,0
F4gvookXrKsBNCvK_xEt1g,The Schlafly Tap Room,678,4.0,38.6329915092563,38.63299,-90.2098684685136,-90.20986,$$,63103,0
A4-2jEraYJ2w2grn_uXlHw,Blood & Sand,356,4.5,38.6319967,38.63199,-90.2013358,-90.20133,$$$,63103,0
WCdSajl5Q0qywpv7K5jHdQ,Sugarfire Smoke House,1131,4.0,38.63077,38.63077,-90.18975,-90.18975,$$,63101,0
4r3Ck65DCG1T6gpWodPyrg,Bridge Tap House and Wine Bar,761,4.0,38.6298535972963,38.62985,-90.1946710562777,-90.19467,$$,63101,0
3XirYkP9PJvVXIEDPNNXLA,Crown Candy Kitchen,562,4.5,38.651334,38.65133,-90.197874,-90.19787,$,63106,0
P2XJbQZmf1zvWp9L_THdjQ,Sauce on the Side,513,4.5,38.629780709389,38.62978,-90.1920634267984,-90.19206,$$,63101,0
S07dMpp8f9x7etbGW1L0QA,Southern,586,4.5,38.63499,38.63499,-90.22421,-90.22421,$$,63103,0
M0r9lUn2gLFYgIwIfG8-bQ,Baileys' Range,1594,3.5,38.62887,38.62887,-90.1945099,-90.1945,$$,63101,0
GeLwhGlX8XsIsH-o3Wdc5w,360 St. Louis,735,4.0,38.62518,38.62518,-90.19104,-90.19104,$$,63102,0
kBCB53psaoKcHwv4kNByOg,Lombardo's Trattoria,355,4.0,38.6279912,38.62799,-90.2102467,-90.21024,$$,63103,0
KMHsCQx4pRqIMdY7mWHOCQ,Brick River Cider Company,125,4.0,38.63384,38.63384,-90.20804,-90.20804,$$,63103,0
33JlrWf0kmHd2VzW58Wp0g,Blondie's Coffee and Wine Bar,306,4.0,38.632341,38.63234,-90.198396,-90.19839,$$,63103,0
jRpK8oG_8QKaPGaaKiCyng,Pi Pizzeria,529,4.0,38.6301244,38.63012,-90.1895595,-90.18955,$$,63101,0
a0sN6y6fDZ5HtBjUimKukA,Small Batch,352,4.0,38.635995,38.63599,-90.221911,-90.22191,$$,63103,0
y4RNfYeiW0dsnZ5c6a-Jww,Gourmet Soul,49,4.5,38.63434,38.63434,-90.20218,-90.20218,$$,63103,0
WNcGg9G-odTGz00DSMx7rg,Urban Chestnut Brewing Company,244,4.5,38.6378898620605,38.63788,-90.2258224487305,-90.22582,$$,63103,0
90pJu2O7fIEm_N31Fyue7A,Planter's House,284,4.0,38.620665,38.62066,-90.212087,-90.21208,$$,63104,0
6t0sNev22mcbvOB4gYVVOw,PW Pizza,326,4.0,38.62134,38.62133,-90.212956,-90.21295,$$,63103,0
d5G3dpdyO60CYHukoM-_FQ,Rosalita's Cantina,533,3.5,38.63225,38.63225,-90.198,-90.198,$$,63103,0
NUSp_d5o-_8INV_xBykUeg,Hamilton's Urban Steakhouse and Bourbon Bar,176,4.5,38.62131659908737,38.62131,-90.2135795,-90.21357,$$$,63103,0
1yrGx3Cwtj7I0zmhuVsu9Q,"BLT's - Breakfast, Lunch and Tacos",264,4.0,38.6304229,38.63042,-90.1890618,-90.18906,$$,63101,0
ZoSDp6Ycoy9H2spud3PYqQ,Turn Restaurant,161,4.5,38.6365664785004,38.63656,-90.2264213075464,-90.22642,$$,63103,0
p_6THXiGLViyxYnOY8BzZQ,Vin de Set,493,3.5,38.62132,38.62131,-90.2128,-90.2128,$$,63103,0
6Bf5KwuT9iZlFrUlcP7RHg,Bulrush STL,72,5.0,38.63806,38.63806,-90.22659,-90.22659,,63103,0
xhydqMrct3DSCIl7Yjx9Qg,Pickles Deli Downtown,166,4.5,38.6272759,38.62727,-90.1888626,-90.18886,$,63101,0
eclNqAZx6YHlkx_QDBF6AA,Sushi Ai,335,4.0,38.62873,38.62872,-90.1939699,-90.19396,$$,63101,0
1P_mGUY1PyPq7_ZabrzpBw,Carmine's Steakhouse,269,4.0,38.6248999,38.62489,-90.18872,-90.18872,$$$,63102,0
Bv1eO5cFOGO2SEUzBXNb-w,White Knight Diner,89,4.0,38.631587,38.63158,-90.205776,-90.20577,$,63103,0
o2ETM4XZXENkzuAaYT2GIg,Sen Thai Asian Bistro,187,4.0,38.6310475589714,38.63104,-90.1941606669345,-90.19416,$$,63101,0
rzzD6yvbPboVPbCvPDuYQQ,Havana's Cuisine,36,5.0,38.63197,38.63197,-90.1962,-90.1962,,63101,0
1xuIrC6VBoa_9XB_5eTfAg,The Boom Boom Room,95,4.0,38.63231,38.6323,-90.19791,-90.19791,$$,63103,0
bjj7HIgdC04IhctuMMIF1A,Egg,136,4.5,38.6359135,38.63591,-90.2236418,-90.22364,$$,63103,0
4CfelC-az9l85o1CY7eQvg,Snarf's Sandwiches - MX,224,4.0,38.6301318321103,38.63013,-90.1901279722203,-90.19012,$,63101,0
DGY8cn8wttngO_BszB7BOQ,21st Street Brewer's Bar,88,4.5,38.6212170703337,38.62121,-90.2127919013826,-90.21279,$$,63103,0
ya4ky7GX7nTWPW40-YSAQQ,Cinder House,156,4.0,38.6333809795212,38.63338,-90.1842391039417,-90.18423,$$$,63102,0
EKbb62ui8LgHk3B7OJMyBw,Mizu Sushi Bar,237,3.5,38.6313059180975,38.6313,-90.1942247897387,-90.19422,$$,63101,0
h_iXktY-bFKv6KR_G6yACA,The Sliced Pint,189,3.5,38.632440054777,38.63244,-90.2004899999933,-90.20048,$$,63103,0
iiBCWBFwb_bzlH9usC5XPQ,The Over/Under Bar & Grill,286,3.5,38.6312038404206,38.6312,-90.1933467542439,-90.19334,$$,63101,0
PjN2N80xtElpy-Zbk2biLw,Kimchi Guys - Laclede's Landing,152,4.0,38.62971,38.62971,-90.18429,-90.18429,$$,63102,0
WkhJGvtRAx6-zBn8klWNFw,Maggie O'Brien's,169,3.5,38.6296844482422,38.62968,-90.209587097168,-90.20958,$$,63103,0
d3OyW6UXr3_wgyTBZ6A0xQ,Chili Mac's Diner,130,4.0,38.6269956082106,38.62699,-90.1896221190691,-90.18962,$,63101,0
sfwMByVwbb69zhw4xzXzgA,Salt + Smoke,92,4.5,38.623158,38.62315,-90.1909053,-90.1909,$$,63102,0
MWdO8vvXEtswuBM4wOgVzw,Sapporo 2,224,3.5,38.63544,38.63544,-90.22346,-90.22346,$$,63103,0
9jdOvSFmzzAzbEoBoey_Uw,Beffa's Bar & Restaurant,37,4.5,38.63345,38.63345,-90.2168,-90.2168,,63103,0
DnJhwMa-5nPCNkl0ddqscg,Chris' @ The Docket,132,4.0,38.62848,38.62848,-90.1974,-90.1974,$$,63101,0
I6XYuYbHS4GttygYpTehZw,Ruth's Chris Steak House,276,3.5,38.6259498288414,38.62594,-90.1880634197208,-90.18806,$$$$,63102,0
-ebwX4cjBDsZtPnvW1M_BA,The Old Spaghetti Factory,314,3.0,38.63061,38.6306,-90.18351,-90.18351,$$,63102,0
B4QPxY5mZzkZhTyBGCPQQQ,Brewhouse Historical Sports Bar,231,3.5,38.62629860484243,38.62629,-90.18821861476849,-90.18821,$$,63102,0
EFql1oIf5JKaet3SdEpIQA,Morgan Street Brewery,289,3.0,38.630873,38.63087,-90.18532,-90.18532,$$,63102,0
gDRG6by5QzcWneGjwHOfgQ,Más Tequila Cantina,104,4.0,38.63028,38.63028,-90.18417,-90.18417,$$,63102,0
IFKCqDKdrAOtph_TEi8ycw,Jack Patrick's Bar & Grill,105,4.0,38.62896,38.62896,-90.19487,-90.19487,$,63101,0
3qiHeiMr-6D1Yp-DbOeJhA,The Midwestern,109,4.0,38.62311,38.6231,-90.19619,-90.19619,$$,63102,0
Hgbr9NN7w8MKXbxbI3Bnew,Imo's Pizza,84,3.0,38.63481340762346,38.63481,-90.20290248419691,-90.2029,$$,63103,0
lt27366yYd4hVsOqWzjtBA,Triumph Grill,196,3.5,38.63699,38.63698,-90.22889,-90.22889,$$,63103,0
L-U7myzEHcKn4Q3jYrqpUA,Marquee Restaurant & Lounge,65,3.5,38.6331482,38.63314,-90.2075272,-90.20752,$$,63103,0
iWPeLfgWxMQZIZB4ce5VaQ,Dao Tien - Downtown,46,4.5,38.628507756629,38.6285,-90.1933119546796,-90.19331,$$,63101,0
G3w7XlKj1kf_5ddg4Faxpw,Wheelhouse Downtown,309,3.0,38.623623,38.62362,-90.19703,-90.19703,$$,63102,0
ZALxLqcIfrW047KDHwhiDQ,El Burro Loco Downtown,79,3.5,38.632010359292,38.63201,-90.1949255168438,-90.19492,$$,63101,0
hRHhP3fhMy3LktPyQa3s_A,Landry's Seafood House,306,3.0,38.6276882,38.62768,-90.2089256,-90.20892,$$,63103,0
yXGv7j3nRF3Ad83Mx0QifQ,Red Door Chinese Eatery,155,3.5,38.62817,38.62816,-90.19153,-90.19153,$$,63101,0
vzI0ntyuRSDaaLc6r--28A,Planet Sub,55,4.0,38.62841,38.62841,-90.194,-90.194,$,63101,0
upNv0klOAqoZUMcYGYItVw,Farm Truk,28,4.5,38.6267158611922,38.62671,-90.1949817291715,-90.19498,,63116,0
NiX_nc8pf8vClgqzjpmLTw,Budweiser Brew House,231,3.0,38.62357,38.62357,-90.19187,-90.19187,$$,63102,0
DNtXVS0xYn0n8Cscmj9JSg,Syberg's on Market,110,3.0,38.631145,38.63114,-90.212543,-90.21254,$$,63103,0
WYY48I1MVYSmVdd_ZQ1EOQ,Start Bar STL,106,3.5,38.623679,38.62367,-90.1973066941269,-90.1973,$$,63102,0
5vb5EPOdgUafr3ZP84Hbpw,Paddy O's,79,3.5,38.62088,38.62088,-90.19398,-90.19398,$$,63102,0
q76j_7nMj08tp3uFjwUFCA,Latte Lounge + HG Eatery,15,4.5,38.63530056897177,38.6353,-90.21393380408472,-90.21393,,63103,0
GUFYF1MAMVIB-xo0yprEGQ,Asia Gourmet,46,3.5,38.630818,38.63081,-90.196642,-90.19664,$$,63101,0
9wy3c6seUtIQ3dGXShmy0A,Ukraft Cafe & Catering,15,5.0,38.626742,38.62674,-90.192644,-90.19264,,63101,0
ilMm5DJviWLqakujmBFGvQ,Shady Jack's Saloon,29,4.0,38.63901,38.63901,-90.18552,-90.18552,$,63102,0
ILAaYiFUQHXPQlo_0kfD-w,Tin Roof,140,3.0,38.6241998345989,38.62419,-90.1964923882292,-90.19649,$$,63102,0
3uzC5nseHmKZoFvDH-uRLA,Cardinals Nation,160,3.0,38.6238618878588,38.62386,-90.1922177159302,-90.19221,$$,63102,0
6CUFzwzY8rHD-csUwZJl1Q,The Meltdown Foodtruck,25,4.0,38.63105,38.63105,-90.19325,-90.19325,$,63101,0
zKeyfDKWCgNbhy7VhrJEmw,Crab’s Landing,14,4.5,38.632497,38.63249,-90.196829,-90.19682,,63101,0
4AUdcIJ8BoEve-GUm9SCEg,Samwiches,14,4.0,38.63357,38.63357,-90.20043,-90.20043,$$,63103,0
_BgZRxzehmMVChohLBB_6g,Mound City Sandwich Shop,23,4.5,38.63077,38.63077,-90.22203,-90.22203,$,63103,0
wFKpdoxE22HRg1OhZQ8bfg,Ballpark Village,94,3.0,38.62357,38.62357,-90.19187,-90.19187,$$,63102,0
MnlHMZ9RGVaS71rVwINyOA,Cha Cha Chow Food Truck,47,3.5,38.62518,38.62518,-90.19104,-90.19104,$,63102,0
vjFUl6yKiJecvGS0wlUuuQ,The Lou Eats & Drinks,55,3.5,38.63028,38.63028,-90.18417,-90.18417,$$,63102,0
Lkc5E_g0kRF_Le9uukCa2A,Tasty Treats,25,4.0,38.6389728,38.63897,-90.2233099,-90.2233,$,63106,0
ir8tx6USSa-jMHGKJ9DrPg,Imo's Pizza,124,3.0,38.625193,38.62519,-90.191022,-90.19102,$$,63102,0
ASBUT6w6lyoDuFwzoN9yfw,Al's Steak House,69,3.5,38.63532,38.63532,-90.18259,-90.18259,$$$$,63102,0
E7ZPC6biVlvVIiI2CBlbQQ,Aubergine Cafe,11,5.0,38.630147,38.63014,-90.190434,-90.19043,,63101,0
ErraEP2corkgkzmh62t45A,Red Kitchen and Bar,54,3.5,38.6259589,38.62595,-90.1877807,-90.18778,$$,63102,0
xnLNmJvOwbdef6T1EEClGw,Robie's,31,3.5,38.630066524276316,38.63006,-90.19214598220896,-90.19214,$$,63101,0
noYjWEY5R7k_wTtHUkt0dw,The Station Grille,46,3.0,38.62813,38.62813,-90.208034,-90.20803,$$,63103,0
dJffXwctyNWkW0m0jVHE7w,Java Plus Cafe & Catering,20,4.5,38.62768077696554,38.62768,-90.1895651712027,-90.18956,$,63102,0
f3TAMps_VtoXLs563hGB6A,Carlos' Hot Dogs,13,4.5,38.627983,38.62798,-90.190316,-90.19031,$,63101,0
Hw7KS_UJN5pqJ8p4bz_nYA,Market Street Bistro and Bar,25,3.5,38.6251483865615,38.62514,-90.1904430649017,-90.19044,$$,63102,0
Ah2gjiO-HArE2VPGiMKeiA,Hooters,121,2.5,38.626843,38.62684,-90.191584,-90.19158,$$,63101,0
wERePw1_Fg0RM-NYDDFDJQ,Union 30,62,3.0,38.628499,38.62849,-90.1914114190559,-90.19141,$$,63101,0
EM-NvyckrafBFRPqJ6imxg,Sports & Social STL,24,3.5,38.6241517699203,38.62415,-90.19284288873533,-90.19284,,63102,0
jg1AdBM-COOEY1HMwdXf1g,My Big Fat Greek Truck,21,3.5,38.63105,38.63105,-90.19325,-90.19325,$,63101,0
r3uAPYNo1CqWdnGuXndp6Q,2 Girls 4 Wheels,30,3.5,38.631317,38.63131,-90.192152,-90.19215,$,63101,0
Avs0S6hNqpKMb34ggbuayw,Morton's The Steakhouse,41,3.0,38.63285,38.63285,-90.18409,-90.18409,,63102,0
DRCCplzDIE3iCcSVdOdczw,Pop’s Kitchen,14,3.5,38.63223,38.63223,-90.1994841,-90.19948,,63103,0
WP9nV9_Cz5CWx6UFW0NwDA,DSquared Bistro,19,4.0,38.65676,38.65676,-90.22495,-90.22495,,63107,0
fDLXqkb9XV-9ocR5few2og,The Arch Cafe,11,4.0,38.62569,38.62569,-90.18923,-90.18923,,63102,0
8SveOjP-jt-FcZCZaC_3eA,Switchlist Restaurant,7,4.5,38.627938,38.62793,-90.1893,-90.1893,,63101,0
CEyQaY4S0wLbIzhPHpOL6w,GreenLeaf Market,4,4.5,38.63939,38.63939,-90.19393,-90.19393,,63106,0
iHjUpOCxFhFHSn1i1W3Kpg,Form Skybar,21,3.5,38.62862595643739,38.62862,-90.1914671,-90.19146,,63101,0
-GLapzja21a5YL98C7Zxxg,Steak Louie,20,3.0,38.6270025,38.627,-90.1994042,-90.1994,$$,63103,0
AVCjn9uVgkjIRM3uYrEf1w,Du Kum Inn,21,3.5,38.6558964217779,38.65589,-90.2130085153443,-90.213,$,63080,0
MSyB4iVnyu74A5ZliemfqA,Empress Express,4,4.5,38.640361,38.64036,-90.1941352,-90.19413,,63106,0
O__5hdj7fBlBa3vikJoilg,@ Monroe,12,3.5,38.646274,38.64627,-90.198287,-90.19828,,63106,0
cUi8TwIH_dt91b_KfPRdTg,Bing Lau Chop Suey,6,4.5,38.6586,38.6586,-90.21907,-90.21907,$,63107,0
6l94PpuWW91PxOWHcfxdcw,400 Olive,43,2.5,38.62727,38.62727,-90.18796,-90.18796,$$,63102,0
wmKvuZUKr-Ia8rfOMsFCHA,Starbucks,16,3.5,38.62972239907207,38.62972,-90.21682074483745,-90.21682,,63103,0
ZoV8kXQopyz24dJBlFByRA,Imo's Pizza,11,3.0,38.63511817445793,38.63511,-90.20218985495582,-90.20218,$,63106,0
qes5_YVMo1P4B8p6BbT40A,Delmar Chop Suey,10,4.0,38.639503,38.6395,-90.226928,-90.22692,$,63103,0
mMsgdRmHZ1m1Yi88YYJ87w,Simply CookingWithDonna,13,4.5,38.6333618,38.63336,-90.1955675,-90.19556,,63376,0
ZPl4nHhb_FtYUvCblKJ_8Q,Rooftop Cafe At City Museum,3,4.5,38.63357,38.63357,-90.20043,-90.20043,$$,63103,0
yZOdVXyKQejjNaTcanEIUw,QuikTrip,8,4.0,38.6217711278666,38.62177,-90.219467010707,-90.21946,$$,63103,0
PX3xJq76hHYTLZHf_htdxQ,Quattro Trattoria + Pizzeria,13,3.0,38.62371,38.62371,-90.19503,-90.19503,,63102,0
FcpUVh4rkOdQ22raeVPekg,Papa Johns Pizza,69,1.5,38.629222,38.62922,-90.198125,-90.19812,$,63103,0
UF5Iy-XDKRdW5bFOnKoNNg,Gyro Express,4,5.0,38.62916,38.62916,-90.19199,-90.19199,,63101,0
hDVnOnpmGT_qtET7-OVM3w,The Sausage Syndicate,5,3.5,38.63105,38.63105,-90.19325,-90.19325,$$,63101,0
bg0oWB7DnkBzHqIKSiq9Fg,Zenia Bar & Grille,13,2.5,38.630468,38.63046,-90.192613,-90.19261,$$,63101,0
nH-fqDYdnb6Owu0PuhRi9g,Mother's Best Fried Fish,6,3.5,38.6547,38.6547,-90.22095,-90.22095,$,63106,0
h_KQQdOdTqapiMShxZhdyw,Kingz Turkee Shack,2,5.0,38.6471282,38.64712,-90.2278362,-90.22783,,63113,0
AGCPlOhj6FEaOlNNnNh-QA,Anchor Room Coffeehouse,2,4.5,38.63052501079542,38.63052,-90.20369130420215,-90.20369,,63103,0
BZ9bbH6NKTNDFT1wXT5cmQ,STL French Quarter,3,3.5,38.6277503967285,38.62775,-90.1995620727539,-90.19956,,,0
uotTfs2JtXxKG9hymg0ReQ,1894 Cafe,17,2.0,38.628082,38.62808,-90.208171,-90.20817,,63103,0
dAFeDUBvSUg7NlJlX1CpQg,Gene's Bar and Grill,1,5.0,38.651639004535,38.65163,-90.1973079890013,-90.1973,,63106,0
DVub5FvGoi12BnW4uq8yRA,El Birdos Cantina,7,2.5,38.6236723,38.62367,-90.1916746,-90.19167,,63102,0
3V827F3bmqE4eVasK1dTbg,Finger Foodies,1,5.0,38.63105,38.63105,-90.19325,-90.19325,,63101,0
u0fyHPZQ6lqNHpYyjyzTvA,The Bistro and Bar,1,5.0,38.6310403295334,38.63104,-90.192492466273,-90.19249,,63101,0
Wqn4s8e0i0teoPmnhUui0A,Taco Hidalguense,2,4.0,38.6263359245478,38.62633,-90.1935317884376,-90.19353,$,63044,0
vy7_qZa8k490oMvC1PoOFA,Ed's Food,2,4.0,38.624371510611,38.62437,-90.1841426273051,-90.18414,,63101,0
wJeB-HVfrUDK4j8tC-UMpQ,Dia's Room,1,5.0,38.63285,38.63285,-90.18409,-90.18409,,63102,0
3dtlaXNE2dQYjsPrt0aN8Q,The Wok,13,2.0,38.6328506,38.63285,-90.1840897,-90.18408,$$,63102,0
GIwLW_cve7rykUJOTvNSGQ,K's Unique Dogs,1,5.0,38.62518,38.62518,-90.19104,-90.19104,$,63102,0
HdJfLWNM4Z16hLwXqvlBBQ,The BBQ Truck,2,3.0,38.63174,38.63174,-90.19513,-90.19513,,63101,0
feqTh_XutxFmUBsYVrcUIA,Miami Steak House,2,2.0,38.640862,38.64086,-90.1945607,-90.19456,,63106,0
4jTphCNpMglf3YZzRoMQLw,Rib America Festival,5,2.0,38.6286632,38.62866,-90.1998227,-90.19982,$$,63103,0
m1QzJJWwGU14CKOVSJ7IzA,Kenny's Hot Dogs,1,4.0,38.62858,38.62858,-90.19597,-90.19597,$,63101,0
zUJkCHDrII9cuXx9jVwxSw,Savory Deli,3,2.5,38.62957,38.62957,-90.18793,-90.18793,,63101,0
ZGBAITgWKrPe_ABmdQxFmg,Columns Lounge,5,2.0,38.6243154010648,38.62431,-90.2020538278115,-90.20205,,63103,0
LfpN4mXECg0NBTlIUIkTqA,Ameristar Casino Restaurant,5,1.5,38.63105,38.63105,-90.19325,-90.19325,$$,63101,0
YT1oM3AlNSCjzKvbH8MPWA,Juniper,419,4.0,38.637603,38.6376,-90.246949,-90.24694,$$,63108,0
2coic7DZlnlqVhblbEOpIA,Scarlett's Wine Bar,164,4.5,38.63841,38.63841,-90.25089,-90.25089,$$,63108,0
T-xYMAkdNlMPCGqWAH3mwg,Kalbi Taco Shack,195,4.5,38.63325051745993,38.63325,-90.2402297,-90.24022,$$,63108,0
OcCrSDYR5cETO4FZ7R2iEg,Seamus McDaniel's,361,4.0,38.62817,38.62816,-90.29272,-90.29272,$$,63139,0
ETsHfis7Dm932TS0dRjcoQ,Stone Turtle,266,4.0,38.628728,38.62872,-90.292661,-90.29266,$$,63139,0
ikONTzFKwachQtFtoMGeIQ,Felix's Pizza Pub,284,4.0,38.6288399,38.62883,-90.29311,-90.29311,$$,63139,0
3ovV2S7XEAOEk8hCdYKhOA,Hi-Pointe Drive-In,726,4.0,38.632134,38.63213,-90.305623,-90.30562,$$,63117,0
yVZtL5MmrpiivyCIrVkGgA,Hogtown Smokehouse,68,4.5,38.628715,38.62871,-90.291415,-90.29141,$$,63139,0
Ghn6flCdNlOchzLA29tkjQ,Basso,478,4.0,38.6332291901975,38.63322,-90.3067490479546,-90.30674,$$,63117,0
gwV8jRZfMrQ-EA7XBDu9tQ,Nomad STL,61,4.5,38.62775,38.62775,-90.29333,-90.29333,,63139,0
0AfjyySl4Rivh-QhWfrClA,58hundred,171,4.5,38.60718,38.60718,-90.2858,-90.2858,$$,63139,0
S8h_kP4dx37KZaFJ7bSsIg,Pit Stop,76,5.0,38.615318,38.61531,-90.277263,-90.27726,$$,63110,0
Ct6pupk8Cy6sI2mrIzF7UA,Chris' Pancake & Dining,378,4.0,38.60927,38.60927,-90.28949,-90.28949,$,63139,0
LnTZm3Lvt_aPWzpd61eq6g,Lorenzo's Trattoria,226,4.0,38.617225,38.61722,-90.275092,-90.27509,$$,63110,0
3y6GWhwZsNshAcy3wShT6A,Sweet EM's Coffee And Ice Cream,49,4.5,38.628442,38.62844,-90.292634,-90.29263,$,63139,0
LArxVfahgjP-qHfakBZ86w,The Pat Connolly Tavern,113,4.0,38.6311302,38.63113,-90.2926636,-90.29266,$$,63139,0
gWgsRIYJXIyaY-xSY_1GlA,Eovaldi's Deli & Catering,85,4.5,38.6147511955551,38.61475,-90.2751330932087,-90.27513,$,63110,0
BlI-twxwJnvqELP5tRCR7Q,Favazza's,369,4.0,38.6114474,38.61144,-90.2739125,-90.27391,$$,63139,0
paBWJ6VBIy4-eXVH3iGFFA,Courtesy Diner,142,3.5,38.6287499,38.62874,-90.28757,-90.28757,$,63139,0
UvrGX7xlC761Odh01PEyAA,Sunny's Cantina,96,4.5,38.619103,38.6191,-90.301792,-90.30179,$$,63139,0
TOqkNXJ9yHwzYBTCgS559Q,Failoni's Restaurant & Bar,75,4.5,38.6185199,38.61851,-90.30354,-90.30354,$$,63139,0
sCo3YovGDt8fINYJo9UBCQ,Nick's Pub,182,3.5,38.622767493242,38.62276,-90.2865370894878,-90.28653,$,63110,0
O93AIQy9P4YTYDlRl5rRUw,Bartolino's Osteria,140,4.0,38.6176418,38.61764,-90.2880295,-90.28802,$$,63139,0
Nj9XbH55RlOQ8yrK32R60w,Imo's Pizza,162,3.0,38.6305885314941,38.63058,-90.2866439819336,-90.28664,$$,63139,0
FmeoZuSHiV0eFrd5mF9DcQ,Steak ’n Shake,170,2.0,38.6272267073438,38.62722,-90.2878138,-90.28781,$,63139,0
8Wy34N_LhbPsOB3duBcx9A,Slim Chickens,45,2.5,38.62362,38.62362,-90.28859,-90.28859,,63139,0
cpQa2HnBG4DkoZmlLA5Ysg,Colombo's Cafe & Tavern,31,3.5,38.6204349249601,38.62043,-90.2968809753656,-90.29688,$,63139,0
KlCZt0nRyXZB0kPZsC8-ng,Arena Bar,10,4.5,38.62579833,38.62579,-90.28380317,-90.2838,$,63110,0
LeVzeR3jx7yeRLj_lOIqSg,Love n Light Wellness,1,5.0,38.62597,38.62597,-90.2881,-90.2881,,63139,0
U9au-1qLSvPg8CIBM9bThQ,Jack in the Box,34,1.5,38.6268977278724,38.62689,-90.2872793376445,-90.28727,$,63139,0
eRnCmPc6TTbNK-Zs0jgYPA,Hardee's,33,2.5,38.6173035399166,38.6173,-90.2868063729754,-90.2868,$,63139,0
1IhykWu1UEPHyQ3XT7xdsQ,China Wok Express,25,2.5,38.6197227,38.61972,-90.2984947,-90.29849,$,63139,0
uyC4T5vWk-EVKyCv1rZreA,Jimmy John's,18,2.0,38.6301067,38.6301,-90.2822315,-90.28223,$,63110,0
QOZPLZ0AhdYAXOVxmzniJA,Forest Park Cafe & Lounge,6,3.0,38.61794,38.61793,-90.28617,-90.28617,$,63110,0
TjqYw4xVza2U2udPJ3jDVw,Bootleggin’ 3rd Gear,2,4.5,38.62142,38.62142,-90.28129,-90.28129,,63110,0
_-XYJgVGrNMtn_S6nPm-GQ,Vinnie's Italian Beef and Gyros,187,4.5,38.60555,38.60555,-90.30354,-90.30354,$,63139,0
vD2jzpPv4iyOLKzITscGvA,Farmhaus Restaurant,328,4.0,38.60415,38.60414,-90.30427,-90.30427,$$$,63139,0
Y9CWVffIrTYCXE9PVreerQ,SOHA Bar and Grill,195,4.0,38.611984,38.61198,-90.288101,-90.2881,$$,63139,0
FFhS5dhkyRdLhqQo8Q5WTQ,Pizza-A-Go-Go,152,4.5,38.60601,38.60601,-90.30385,-90.30385,$$,63139,0
XdUIIp-NFQax3Kr6XitmMg,LoRusso's Cucina,135,4.0,38.60687,38.60687,-90.29374,-90.29374,$$,63139,0
EpREWeEpmR8f1qLHzzF0AA,Schlafly Bottleworks,621,4.0,38.61301,38.61301,-90.31496,-90.31496,$$,63143,0
fAh1DvXplLu66urTBWSjaQ,Acero,256,4.5,38.61332,38.61332,-90.31594,-90.31594,$$$,63143,0
WY0ji9m-qAOc_6lK8h4pNw,Living Room Coffee & Kitchen,236,4.5,38.610691,38.61069,-90.319753,-90.31975,$$,63143,0
vuAI70USd3my2Kb9_9zajw,Joey B's On The Hill,246,3.5,38.61243,38.61243,-90.287,-90.287,$$,63139,0
ISDVzdF4WZ4SXQdhyet9nQ,Michael's Bar & Grill,236,4.0,38.6162719726562,38.61627,-90.3104782104492,-90.31047,$$,63143,0
7ZQYMFjKj7AK1vzCi0BNyg,The Piccadilly at Manhattan,267,4.5,38.604278,38.60427,-90.315339,-90.31533,$$,63143,0
chUeS0h9C8KGfyJO2Jqgew,Fozzie's Sandwich Emporium,487,4.0,38.631246,38.63124,-90.318997,-90.31899,$,63117,0
z7em5co2qckbAXoDGXynsA,The Blue Duck,290,4.0,38.6134111,38.61341,-90.3199813,-90.31998,$$,63143,0
VVHfqUeYyAA9FEsH-6PI2A,Foundation Grounds Coffeehouse & Cafe,250,4.0,38.6132488,38.61324,-90.3169301,-90.31693,$,63143,0
yU7ZlN5xr13C9OH7qz6cbA,Amigo Joe's,267,3.5,38.608203,38.6082,-90.287216,-90.28721,$$,63139,0
nVxOIEEYhoQfSUkr8QhWmQ,Cunetto House of Pasta,350,3.5,38.610248,38.61024,-90.280327,-90.28032,$$,63139,0
QWENxNxNNW2jhQi2akONJA,Boogaloo,407,3.5,38.6126136779785,38.61261,-90.318603515625,-90.3186,$$,63143,0
jM15GsyhiE6kNskyIx5ujA,Boardwalk Waffles & Ice Cream,147,4.5,38.61251,38.61251,-90.31962,-90.31962,$,63143,0
_H30_Y_YcQQ7kbix9a1KfQ,Gus's World Famous Fried Chicken,368,4.0,38.6121287058181,38.61212,-90.3211099461381,-90.3211,$$,63143,0
Aews7EoMh_crFva-uNbVYQ,Biggie's Restaurant,132,4.0,38.60167799613302,38.60167,-90.29914470630192,-90.29914,$$,63139,0
Wy_7BrENm4clF9u_XRLPIQ,Joe Fassi Sandwich Factory,113,4.0,38.61323,38.61323,-90.2807799,-90.28077,$,63110,0
R_J3B7usj-NDHm_wNFSa0w,The Crow's Nest,247,4.0,38.6126823425293,38.61268,-90.318359375,-90.31835,$$,63143,0
7apWV3_bxbRcC2MemII9dQ,Pan D'olive,202,4.0,38.62366,38.62366,-90.3081799,-90.30817,$$,63117,0
50QTrfSrow-F2Avsjabl8w,Piekutowski's European Style Sausage,22,4.0,38.66433,38.66433,-90.2071,-90.2071,$$,63107,0
ueJFblv3esW2xjqO7IepGg,Bissell Mansion Restaurant and Murder Mystery Dinner Theatre,21,3.5,38.6707649230957,38.67076,-90.2037353515625,-90.20373,$$$,63107,0
KrvRJSXUV-l8HPpS08eaSQ,Gregg's Bar & Grill,16,4.0,38.67057,38.67057,-90.20096,-90.20096,$$,63147,0
QnFIWz-CgEVqQ8qhzFrl7A,Cornerstone Cafe,19,4.5,38.66077,38.66077,-90.19994,-90.19994,$,63107,0
gqpTgtS3sEup0znkSnMV0A,Fresno's Diner,4,5.0,38.67044,38.67044,-90.2093,-90.2093,,63107,0
cN-E9LtQPXrE00iaQQ7UCQ,Freddie G's Chicken And Waffle,32,3.5,38.661195,38.66119,-90.200148,-90.20014,,63107,0
BB2b_rkeSOPUZCNsAvZ5OQ,Kay’s Kitchen,1,5.0,38.67021,38.6702,-90.21258,-90.21258,,63107,0
m5zZ5yVvkdI2NOqStwguqQ,Wing Hing Chop Suey,3,5.0,38.66361,38.66361,-90.22312,-90.22312,,63107,0
lgJwKH8xFZqIWNjjNAkcQA,Biker's Corner,3,5.0,38.6535185,38.65351,-90.2297075,-90.2297,$,63113,0
Y_LD6liWJchK-nu3AiIg6A,Canton House Chop Suey,2,4.0,38.66478,38.66478,-90.21375,-90.21375,,63107,0
3NzWexJXzLV-E4wlroz-8A,Golden House Chop Suey,2,3.0,38.66736,38.66736,-90.2302799,-90.23027,$,63115,0
MdlV4ssTuDQehhhYUE3QbQ,Rally's,5,2.0,38.66058,38.66058,-90.21768,-90.21768,$,63107,0
NgQ2941uBxXX9VW238gx5g,Subway Restaurants,2,2.0,38.6832625,38.68326,-90.2163898,-90.21638,$,63147,0
xq8OuCrTFvW8338_SctBjQ,Playground Bar And Grill,1,2.0,38.666589,38.66658,-90.2179281,-90.21792,,63107,0
xGHdm-TEfhLkbi7cGYju5Q,Marsha's Bar & Grill,1,5.0,38.6646194458008,38.66461,-90.2131881713867,-90.21318,,63107,0
RFlVmQuAktDS2F03QFDMLg,King Grill,1,1.0,38.666055,38.66605,-90.212679,-90.21267,,63107,0
mnzq6zY8Y5o5dryV4PnRnQ,Egg-Roll Kitchen,2,3.0,38.6606063842773,38.6606,-90.216667175293,-90.21666,,63107,0
HBegheUD0ikmYOp_9NLkKg,Down Anotha Round,1,1.0,38.65865,38.65865,-90.2119,-90.2119,,63107,0
nLj6MN9yDrRAao-u2a2xtw,Hi-Pointe Drive-In,109,4.0,38.63036367,38.63036,-90.190279,-90.19027,$$,63101,0
t7pZrv7LaqTQ71Iq6NerCQ,Mr Currys India Restaurant,110,4.0,38.6280771,38.62807,-90.190741,-90.19074,$,63101,0
rQ0g1hm_BKsIcRfbHbyPrg,Ultima Cucina,40,4.0,38.63267,38.63266,-90.200566,-90.20056,$$,63103,0
5nGBo2covUY0PrDO_aNYbw,Crave Coffee House,57,4.0,38.621892,38.62189,-90.235376,-90.23537,$,63104,0
3eETGR1GmZP8IfSiz6kkHg,Wild Olive Provisions,11,5.0,38.6117609171667,38.61176,-90.2459678134918,-90.24596,,63110,0
dGF7wLT0zN4-lVaf5LIG6Q,Jack in the Box,26,2.0,38.6115922280204,38.61159,-90.2408085,-90.2408,$,63104,0
dIqni3toenZFY-JVrvMiDA,Jimmy John's,26,2.0,38.6022559,38.60225,-90.242698,-90.24269,$,63118,0
xS4DRl1z2mQQgBUdJwzsjA,Forest Perk Cafe,19,3.5,38.6435549,38.64355,-90.2842088,-90.2842,$,63112,1
Ian1GIoMT-523lBRBZpBOw,Ocean Grill STL,16,3.5,38.6482318610497,38.64823,-90.2851315743089,-90.28513,$,63112,1
Dkd79Fc5q6Y_KXLGYFGsXA,AAA Fish House,9,4.5,38.6543841,38.65438,-90.29129999999999,-90.2913,,63112,1
EhPsr-Axwb1xjXzWtkjSSQ,Vails Brothers Restaurant & Food Truck,4,5.0,38.65455670288771,38.65455,-90.29223667337733,-90.29223,,63112,1
PCLfNb3s9xVlUkslcwXZuw,Café St. Louis,8,3.5,38.6452069386688,38.6452,-90.2858263447747,-90.28582,,63112,1
E5FT1Jmxbb_vrCqb4wZbSA,Ozell's Kitchen,5,4.0,38.653458,38.65345,-90.278118,-90.27811,,63112,1
yJ9FTZHLZRZL3voM12vDtQ,Chinese Express,7,3.5,38.64919209747232,38.64919,-90.28557424399962,-90.28557,$,63112,1
XuV3zkBkfdCOHit3l5dNrg,Subway Restaurants,1,1.0,38.649041,38.64904,-90.285705,-90.2857,$,63112,1
9oOciAg4xTz8-DSMqFE4TA,Delmar Lee's,1,5.0,38.6518211364746,38.65182,-90.2694854736328,-90.26948,,63108,1
iRIHK8-EwpeffwvoO4nzIA,Broadway Oyster Bar,2119,4.5,38.6187176,38.61871,-90.1923274,-90.19232,$$,63102,0
EgrnyJq6N1HSMWv4qbJ46w,BB's Jazz Blues & Soups,188,4.0,38.61972,38.61972,-90.19196,-90.19196,$$,63102,0
PI0aGMmM33x1QF69JUsaUw,The Train Shed,154,3.5,38.6277735,38.62777,-90.20799219999999,-90.20799,$$,63103,0
vIg_WNUAZHXcqe-9JdWJ7w,St. Louis Union Station Soda Fountain,381,3.0,38.62779876357427,38.62779,-90.20874352426235,-90.20874,$$,63103,0
1Gm0k-SzLB-jTZxVxuvcOg,Crusoe's Original,88,4.0,38.5765406,38.57654,-90.2404238,-90.24042,$$,63111,0
9OH9xOearyJrCPXL9xOImA,Dragons Place,44,4.0,38.583357,38.58335,-90.248495,-90.24849,$,63116,0
6Vnoah8cca3KC4CdSu-eaA,Bubba's Deli,48,4.5,38.604407,38.6044,-90.3041,-90.3041,,63139,0
tGmvkYui9klahTqJvzyi8A,Asador Del Sur,71,4.5,38.612838,38.61283,-90.318092,-90.31809,$$,63143,0
S51xnoezpcCY8jd96_hXfQ,Yummi Tummi,168,4.5,38.609538,38.60953,-90.32403,-90.32403,$,63143,0
sWwVGF9k30IDE4Lpa-XM8g,Balkan Treat Box,336,5.0,38.5921551854777,38.59215,-90.3378688171506,-90.33786,$$,63119,0
YPTYOQO8Lg9BtHsRwYBY7g,Mai Lee,979,4.0,38.627621,38.62762,-90.337439,-90.33743,$$,63144,0
Oo0nT3n5Gdocq6j4WXN4Ng,Thai Table,138,4.0,38.6128609996541,38.61286,-90.3201823309064,-90.32018,$$,63143,0
Ytp6XpvKFseskYaFbn8wKg,The Benevolent King,91,4.0,38.613474,38.61347,-90.3160923,-90.31609,$$$,63143,0
m0bREye3nKAWWItFxQkTdQ,Olympia Kebob House And Taverna,330,3.5,38.62411,38.62411,-90.30811,-90.30811,$$,63117,0
YSgcojsb2kWHXNLWaGCuBA,Pastaria,983,4.0,38.6500529942,38.65005,-90.3357159397,-90.33571,$$,63105,0
KRpi9ZJHt65jY4DfwI7VrA,Robata Maplewood,211,3.5,38.6137743341137,38.61377,-90.3150105723721,-90.31501,$$,63143,0
H_u6w1hM4WEgOD288i5edw,The Post Sports Bar & Grill - Maplewood,240,3.5,38.612626,38.61262,-90.3193728685651,-90.31937,$$,63143,0
8CnKudR0MeSCIQVDuVs_WQ,Jaden's Diner,21,4.5,38.65455477534858,38.65455,-90.24029621308017,-90.24029,$,63113,0
VeHDmXqhSRsAxO-QsQMZQQ,Firehouse 282,3,5.0,38.649276,38.64927,-90.23372,-90.23372,,63113,0
K-WNeHq2Mg3nZITLAlblAA,Mandarin Inn,3,4.5,38.6692,38.66919,-90.236129,-90.23612,$,63115,0
FCSB6Q7xA-Qz8iARR6envw,Newstead Chop Suey,2,4.5,38.6708526101724,38.67085,-90.235417149961,-90.23541,,63115,0
jf4DzC-L_5rhJtnQ6nsXgA,Pie Guy Pizza,107,4.5,38.6276540906863,38.62765,-90.2531895099914,-90.25318,,63110,0
UM6XgOtTX4DWWcGDTWtjEg,HandleBar,157,4.0,38.627945,38.62794,-90.251275,-90.25127,$,63110,0
f4rSatoGZoW2p_4OWrDZ1A,Tempus,36,5.0,38.626466,38.62646,-90.2593995,-90.25939,,63110,0
fDkOfC0t9coGC34o8Nnjow,Elaia,128,4.0,38.61935,38.61934,-90.2555,-90.2555,$$$$,63110,0
95r3jAJRn10e9aB5I_NlPg,Sasha's On Shaw,321,4.0,38.61636,38.61636,-90.25033,-90.25033,$$,63110,0
DJr5006CeqWDEv0f3G2O-w,Takashima Record Bar,39,4.5,38.6283508,38.62835,-90.2496865,-90.24968,$$,63110,0
2Mp3YflkEmA3ELaZB7AhHg,Diablitos Cantina,202,3.5,38.637956,38.63795,-90.242166,-90.24216,$$,63108,0
QF-NeuyoBUBA9qJCSmLpQg,Mom's Soul Food Kitchen & Catering,33,2.5,38.65194,38.65194,-90.26086,-90.26086,$$,63108,1
QDrXLHgmmvI0xSBfC8-cmA,Crazy Bowls & Wraps,70,3.5,38.638414,38.63841,-90.240563,-90.24056,$,63108,0
YJVXMOIKhJjQczWj9YTwrg,Louie,248,4.5,38.63841,38.63841,-90.30759,-90.30759,$$,63105,0
PLgwTcTuOPHvJhy7nGjx0A,Seedz Cafe,224,4.5,38.6372833,38.63728,-90.3071518,-90.30715,$$,63105,0
qck6waU6WlXBesRKmtsWfg,Kaldi's Coffee Roasting Company,234,4.5,38.6386891987465,38.63868,-90.3076918296505,-90.30769,$$,63105,0
utJRw1T1_zjBuCIFFIbe-w,Sasha's,268,4.0,38.6383609519256,38.63836,-90.3077356483106,-90.30773,$$,63105,0
PXCNGIxi_kQ5_V77j3FrNQ,Parker's Table,72,4.5,38.63294,38.63294,-90.30895,-90.30895,$$,63117,0
9U2w4rQlIgBQqHuTRgp7Rw,Mauhaus,103,4.5,38.60802,38.60802,-90.32082,-90.32082,$,63143,0
dHS3dwYAGIya7yd1d3J1DA,Sweetie Pies Upper Crust,440,3.5,38.64167,38.64167,-90.23175,-90.23175,$$,63108,0
iKV83dI9jNc5h6L41aaUdw,Vito's Sicilian Pizzeria & Ristorante,267,3.5,38.63703,38.63703,-90.2306,-90.2306,$$,63103,0
8EoXim1q8EjO6AZRfHL4Vw,Jazz St. Louis,80,4.0,38.638457,38.63845,-90.2311179,-90.23111,$$,63103,0
IrfB_rEkkMXdruJElu_a1w,Best Steak House,117,3.5,38.63856,38.63856,-90.23154,-90.23154,$,63103,0
SzfTqvO-ldzmh4LA5luKUg,The Dark Room,92,3.5,38.640288,38.64028,-90.231657,-90.23165,$$,63103,0
MolFYRyUmfetIp3qydvQzA,Midtown Sushi and Ramen,290,4.0,38.63336,38.63336,-90.23719,-90.23719,$$,63108,0
Lpu3T_L9TGSv3BJBqoClvw,Pickleman's Gourmet Cafe,143,4.0,38.6351287,38.63512,-90.238311,-90.23831,$,63108,0
LvOoifA9mHTNlhCL3GAbkg,Lucha II Authentic Mexican Food,110,3.5,38.63863449014488,38.63863,-90.23159082883556,-90.23159,$$,63103,0
j52C0GMBDGtyeh47cZa3AQ,Saucy Porka,31,5.0,38.635982449946795,38.63598,-90.24229882426206,-90.24229,,63108,0
SVdYIdv7EWVipdqT0ifIEw,Snarf's Sandwiches - Saint Louis,89,4.0,38.631838,38.63183,-90.233418,-90.23341,$,63103,0
-kWKHxA5tcrCfbfx-_OLhQ,Field House Pub & Grill,92,3.0,38.637669,38.63766,-90.2292765,-90.22927,$$,63103,0
MzDI6VqNuTu50E4NUjMzdA,Sub Division Sandwich,47,4.5,38.64432144165039,38.64432,-90.2551040649414,-90.2551,$$,63108,0
f5VqTIMC-9Iw747SwhS0rg,IKEA,220,3.5,38.633182,38.63318,-90.244039,-90.24403,$$,63108,0
TXV-qLmXmgxM1QHCATQOuQ,City Foundry Stl,53,4.0,38.633184679549636,38.63318,-90.24023085474741,-90.24023,$$,63108,0
jDO4n9lAZNlQTcTFEObfyg,Hartford Coffee Co,221,4.0,38.60247,38.60246,-90.25241,-90.25241,$,63116,0
HKS-63JzfR0DMNVLBuokYw,Mission Taco Joint - Delmar Loop,1025,4.0,38.65574637833231,38.65574,-90.30083763261304,-90.30083,$$,63130,0
O_0H42Bw8hBduWSADPG8ng,Three Kings Public House,524,4.0,38.65605,38.65605,-90.303,-90.303,$$,63130,0
ANTj0UD-OS7Zod3mulUg6w,Fork & Stix,344,4.0,38.6546822832218,38.65468,-90.2962472767212,-90.29624,$$,63112,0
p6JxfR9ebAlIlpm674F-dg,Kaldi's Coffee Roasting,282,4.0,38.6495456873368,38.64954,-90.3004635439207,-90.30046,$,63130,0
ksVNbLJtHk7OXvpG-j_N-g,Al-Tarboush Deli,124,4.5,38.65615,38.65614,-90.30416,-90.30416,$,63130,0
Pc5O9YKDWjLZdQWq8gl_NA,Nudo House,118,4.5,38.6555,38.6555,-90.29668,-90.29668,$$,63112,0
_c72muPOhnfUqLRBNIAAcQ,The Blue Ocean,363,3.5,38.65607,38.65607,-90.30411,-90.30411,$$,63130,0
d6IkDuDtxzBq8Cem2Jocgw,American Falafel,67,4.5,38.655526,38.65552,-90.302573,-90.30257,,63130,0
gdDUtIhG4tTshh2LbpfMfQ,Gyro Grill,95,4.5,38.65584,38.65584,-90.30072,-90.30072,$,63130,0
VcamrM5awvkJrvkBgUNaIw,Gokul Indian Restaurant,185,4.0,38.65529180812874,38.65529,-90.29612531758146,-90.29612,$$,63112,0
L9sNYgV-TKTQdkaeEZBqEg,Thai Country Cafe,189,3.5,38.6556383394124,38.65563,-90.3004878778995,-90.30048,$$,63130,0
EAPAK_XoJMXtUADVkB3xoA,Nami Ramen,300,3.5,38.6497534,38.64975,-90.3002944,-90.30029,$$,63130,0
BJXK4B2N8CLoc__SoDNPjg,Gyro House,121,4.0,38.65507,38.65507,-90.29798,-90.29798,$,63112,0
ncuEphnQYscOB_KyUUsKfg,Eclipse Restaurant,183,3.5,38.65580609905338,38.6558,-90.29880993274844,-90.2988,$$,63112,0
fT5h8f6kVGdUg70SMRTyNw,Taste of India,86,4.0,38.65584,38.65584,-90.30072,-90.30072,,63130,0
DS2XDLFAupA0Fvm2OLpXcw,T-N-T Wieners,70,4.0,38.65603,38.65603,-90.30276,-90.30276,$,63130,0
wEI-j7yCt-voSHgbjgnhIg,Meshuggah Café,128,3.5,38.655879,38.65587,-90.302339,-90.30233,$,63130,0
NvMYRJ_wPJmt4FFsEF7O0A,Perfect Taste,68,4.0,38.6556212655819,38.65562,-90.3024774799858,-90.30247,$$,63130,0
e7MuP7eVxgKp2EkYrv3sFA,Chicken Out,103,3.5,38.65574,38.65574,-90.29938,-90.29938,,63112,0
7WXQAk23tPYOnTaSgkK36g,Snarf's Sandwiches - Skinker,44,4.0,38.651663623775,38.65166,-90.3000940213512,-90.30009,$,63130,0
DJBqJaszqdZyvBn79fQzlg,Thai Gai Yang Cafe,92,3.5,38.65538,38.65538,-90.30167,-90.30167,$$,63130,0
UL4K6HwcI542imZo1Glpbw,Peacock Loop Diner,347,2.5,38.6558228,38.65582,-90.3021164,-90.30211,$$,63130,0
yWUmFHfZEV6nnF2IFXn4nw,Prime 55 Restaurant & Lounge,73,3.5,38.65481,38.65481,-90.29626,-90.29626,,63112,0
FTsU1vykdDcqfP1uhqG9YQ,St Louis Fish and Chicken,7,4.0,38.6667671203613,38.66676,-90.283561706543,-90.28356,$$,63112,1
g-u5Ogr4mUNuMD1LWYXaBw,Kimchi Guys - Washington University,35,4.0,38.64966,38.64965,-90.3002,-90.3002,,63130,0
6tyCAUL8uW3zuWKmncim5A,Mom's Kitchen,21,2.5,38.67243,38.67243,-90.27941,-90.27941,$$,63112,1
wz_7_3PsEUpApmZVdAhtYA,El Maguey University City,104,2.0,38.6559981153377,38.65599,-90.3040357799648,-90.30403,$$,63130,0
Mlh_VH3ZVbxMn9NXYcRRAw,Lee's Famous Recipe Chicken,18,3.0,38.658821105957,38.65882,-90.2993927001953,-90.29939,$,63130,0
8vnQNzYYKQ0ezQDIciwLaw,Harolds Chicken,6,4.0,38.66857,38.66857,-90.26528,-90.26528,,63113,1
rpnCwAieemOearXACFvbFg,Dominic's Restaurant,132,4.0,38.61567,38.61567,-90.27123,-90.27123,$$$,63110,0
8UsBkPCDyBIR8xgIA9Moiw,Milo's Tavern,111,4.0,38.61603,38.61603,-90.27299,-90.27299,$$,63110,0
9b1MIHEAGz86HInI5IiRJQ,Pizzeria Da Gloria,78,4.5,38.61593,38.61593,-90.27254,-90.27254,$$,63110,0
qAQIO8GvT4uG3p-x-U_RsA,Southwest Market Cuisine,51,5.0,38.6109244823456,38.61092,-90.274935811758,-90.27493,$,63139,0
6gDK0fJSrXYVUdH1YFJHhQ,Chinese Express,66,3.5,38.63301,38.63301,-90.30561,-90.30561,$,63117,0
ivXNwj63ySW6jaARrh80ug,Par Lounge,38,3.5,38.63272,38.63272,-90.30507,-90.30507,$,63117,0
ZoPCe0kiN7wr-fkdZdUxfg,Carl's Delicatessen Restaurant,139,4.0,38.6342582702637,38.63425,-90.3098526000977,-90.30985,$,63117,0
0AgwjiluvSLEkpHNJe1EHg,Panorama Restaurant,87,3.5,38.638898,38.63889,-90.293706,-90.2937,$$,63110,0
kbQlyfJC76FyEFowBslk9w,Barrio,68,3.0,38.63763,38.63763,-90.30779,-90.30779,$$,63105,0
vP08ToWNiC3y_fLgNgMhCQ,Dou Dou Cafe,11,4.0,38.633316,38.63331,-90.307451,-90.30745,,63117,0
60kAJOkJUESWvcHJmL3wtw,Cafe Kudu,1,5.0,38.635929,38.63592,-90.292816,-90.29281,,63110,0
Vo6qANHRdcJPdGryYZ5YEw,Espresso Yourself Coffee & Cafe,47,4.5,38.58804,38.58804,-90.28388,-90.28388,,63109,0
ohs__H1zNoF4CAjrK1s3IA,Lily's Mexican Restaurant,117,4.0,38.5868288,38.58682,-90.2764802,-90.27648,$,63109,0
CKgsvMxnFVoph6IluQevWg,Mr X Pizza,67,4.0,38.57296,38.57296,-90.27057,-90.27057,$,63116,0
kaW1wIGEVtLtAEIgHm_PQg,The Mack,115,3.5,38.587188,38.58718,-90.284446,-90.28444,$,63109,0
f_QxYk7vE2rjn8u7qQkTbQ,Imo's Pizza,47,3.5,38.575156,38.57515,-90.254415,-90.25441,$,63116,0
hsyIDX4x4ndYEvPoJF6_1g,Merendero La Catrachitas,23,4.5,38.57878,38.57878,-90.28234,-90.28234,$$,63109,0
XJiEmjsnEvro9JcQGP2QJw,Pepper's Bar and Grill,64,3.5,38.5781733691692,38.57817,-90.2712370455265,-90.27123,$,63116,0
BAe6clozuQy2iS44KrIB6A,Zlatne Kapi,11,5.0,38.57908,38.57907,-90.27049,-90.27049,$$,63116,0
H_QJ-uXvcniXgUBB_0euCw,Mariscos El Gato,118,3.0,38.58434,38.58433,-90.263633,-90.26363,$$,63116,0
oLEyFAZNGMqMLeyV6n7Xfg,Doggie Mac's by Chef B,10,4.5,38.56799,38.56799,-90.25449,-90.25449,,63111,0
GpR84OYZ20bd_e4VBW6m3Q,Cecil Whittaker's Pizzeria,16,3.5,38.5654844502491,38.56548,-90.2567354515205,-90.25673,$,63111,0
kldxUk_h0wx7534Xl9K0bA,Palacios Mexican Restaurant,21,4.5,38.5823593,38.58235,-90.2448273,-90.24482,$,63118,0
T1RGDX67gMCmzJ3cSTJwpA,Eni's Pizza,19,4.5,38.5751901132321,38.57519,-90.2783677548948,-90.27836,,63116,0
zTh9L6J3fMSJy8ugjZN__g,Holy Crepe,17,4.5,38.581356048584,38.58135,-90.264274597168,-90.26427,$,63116,0
2Y2hnAc-1-WS-q-ieQ_8hA,Mi Lindo Michoacan,24,4.0,38.5845565795898,38.58455,-90.2625350952148,-90.26253,$$,63116,0
AyJV8HdltxPgcHclmCgQeg,St Cecilia Mexican Fish Fry,17,4.0,38.5687666,38.56876,-90.2498437,-90.24984,$$,63111,0
2uFcjosOQo295aK5xgXLsg,Doughboy's Wood Fired Pizza,11,5.0,38.548634,38.54863,-90.263007,-90.263,,63111,0
ilfYjRZdwKvvnwSQxQvnEg,Mix grill & wings,10,5.0,38.577614,38.57761,-90.274026,-90.27402,,63116,0
wDvCRZaBD8oTeUs6ml0IyA,Keeton's Double Play,25,4.0,38.58429,38.58429,-90.2763,-90.2763,$,63116,0
m45KGTZh5bbERHD_gSxfqA,Sisters Sandwich Shoppe,15,4.5,38.587995,38.58799,-90.283893,-90.28389,,63109,0
mqpJptUDoSZiKBZKafywoQ,The Off Track Saloon,12,4.5,38.5495953335851,38.54959,-90.255596914206,-90.25559,$,63111,0
TXuAuEWYISQjqv7Z_fHI7w,Taft Street Restaurant and Bar,18,4.0,38.5853652954102,38.58536,-90.2624282836914,-90.26242,$$,63116,0
Zw70Q9vZ_ONgWLnn6PGrzA,D. B. Cooper's Safehouse,32,3.5,38.5758187281743,38.57581,-90.2775563299656,-90.27755,,63116,0
NwmAdpVgkulSTMpivmAXQg,Bernies Place Lounge & Restaurant,1,3.0,38.6460988530332,38.64609,-90.1886162906885,-90.18861,,63102,0
-F7XzFOkZkh_J66oKTRhrw,Cafe Dolce,19,4.5,38.6170257,38.61702,-90.272325,-90.27232,,63110,0
OOmPynMDeWuBx25Psenxug,Creole With A Splash Of Soul,58,4.0,38.626851238138926,38.62685,-90.258815189708,-90.25881,$$,63110,0
18iMG9wb7i2ydG_Tra4GCA,"The Grove, St. Louis",13,4.5,38.62593,38.62592,-90.26238,-90.26238,$$,63110,0
YEAQzv5m87g1MaoEtY9hbw,Kaldi's Coffee - Farrell,15,4.5,38.6350207,38.63502,-90.2630784,-90.26307,$,63110,0
izANjX2HHQ9DUAAWfJ7w_Q,Rock Star Tacos at Gaslight,3,5.0,38.6171,38.6171,-90.26747,-90.26747,,63110,0
ts28to44UDqPxIKIlt68yQ,Barnes Jewish Hospital Cafeteria,16,2.5,38.6356764585302,38.63567,-90.2651437179538,-90.26514,$,63110,0
14io_1ID19mWbD8W28yU_g,Chick-fil-A,6,3.5,38.63659338004937,38.63659,-90.26152173371787,-90.26152,,63110,0
OmvUk_FtthzFtRLfX2Cs0g,Kaldi's Coffee at Mid Campus Center,7,3.0,38.6363631,38.63636,-90.2619478,-90.26194,,63110,0
JBvq0JZTbDHOhgmAJPvAXQ,Eat Duckbill,3,5.0,38.6265,38.6265,-90.26184,-90.26184,,63110,0
JgfOdxzSOYjoeXGyWjXdSQ,Hawaiian Grill,10,3.0,38.6650435698014,38.66504,-90.2595951054344,-90.25959,$,63113,1
uGNyuGHkkbV8RFgr4KHQJg,Urban Cafe & Coffee Shop,1,4.0,38.6718102,38.67181,-90.2630463,-90.26304,,63113,1
R2gFp4VyChAVjzrNBE40Dw,Louie Lou's Edible Galore & More,1,4.0,38.67059063543267,38.67059,-90.2647406,-90.26474,,63113,1
9YXjNHll2mAdUw3Apx9WEw,The Shed Patio Bar and Grill,1,2.0,38.668708,38.6687,-90.266036,-90.26603,,63103,1
sN26mZUAmBaisqxcJGLB3Q,Nephew’s Grille,2,3.0,38.66700046437109,38.667,-90.28280721514056,-90.2828,,63112,1
XDcFv1aLRDTZSSvH_UA0ug,Barbeque Shack,2,2.0,38.686098,38.68609,-90.271757,-90.27175,,63120,0
IsHVpkG3D-9zzP5_aJaHFQ,Dr King Chop Suey,3,2.5,38.6682322,38.66823,-90.2719868,-90.27198,,63112,1
pXO7RGVpArx8KONWq4XjDA,Warehouse West,1,2.0,38.67103,38.67103,-90.28455,-90.28455,,63112,1
73b7Eg7giCqaVKY0_S7EMw,Rally's,1,1.0,38.67593,38.67593,-90.24979,-90.24979,,63115,1
KZvXhjH3ykDJPvuw1yXuPg,Sandwich Depot,2,1.0,38.6670417785645,38.66704,-90.2827682495117,-90.28276,$,63112,1
U2z5_bQyd4y_EzPxyaYNwg,Tenacious Eats,9,3.0,38.65056,38.65056,-90.26118,-90.26118,$$$,63108,1
jfGHvO72zVlz5Twhabwfww,Walt's Tasty Dishes,1,5.0,38.607204,38.6072,-90.220218,-90.22021,,63104,0
YpMEDBDkz49VOiueB4OOlQ,Mom's Deli,221,4.0,38.59179,38.59179,-90.30929,-90.30929,$,63109,0
UiZ2-Zq1SqZAC5HnfNNZFA,Pietro's,111,4.0,38.59562,38.59561,-90.30146,-90.30146,$$,63109,0
SFN5g5eexukcaZkzoiYQYg,Kounter Kulture,329,5.0,38.5951242,38.59512,-90.3014324,-90.30143,$$,63109,0
iKxULnOA8_CO0OwmpZ_MyQ,Spiro's Restaurant,46,4.5,38.60653,38.60653,-90.2932,-90.2932,$$,63139,0
z-SOUKCcTa2NgCDW7e9k_w,El Paisano Mexican Restaurant,138,3.5,38.60223,38.60223,-90.29947,-90.29947,$$,63139,0
tixiynQF8-KztXQLpyctJA,Ari's Restaurant,128,3.5,38.60684,38.60684,-90.28939,-90.28939,$,63139,0
x7fb9Qvv0h-Rf20mlfDXQg,El Tapatio,91,3.5,38.602261,38.60226,-90.292183,-90.29218,$$,63139,0
cXsrd3SqPh778u2yaiAslA,Bono's Pizzeria,157,4.0,38.5896382,38.58963,-90.2941959,-90.29419,$$,63109,0
7v3LpK_fNAOi_KLoMbt--Q,Sol Azteca,22,5.0,38.57819,38.57819,-90.23078,-90.23078,,63111,0
E4hkSa4tQW2FYeiyxG7N0A,The Drawing Board,16,5.0,38.58992,38.58992,-90.25644,-90.25644,$,63116,0
smLKyLGmVXPFKmSEnUztQA,Ho's Chinese Restaurant,14,4.0,38.578025,38.57802,-90.2303,-90.2303,$,63111,0
WfaH5hJS8RbHLwcZFNTa4g,Young Cooley's Wing Heaven,12,4.0,38.58422,38.58422,-90.25012,-90.25012,,63116,0
fLb22TRszRqhoJJzBHVF3Q,Your Place Diner,4,5.0,38.56479,38.56479,-90.24585,-90.24585,,63111,0
uk0JEE33sIQzolsZsKIDYg,Sugoi Sushi,3,5.0,38.580648892396276,38.58064,-90.24114120697526,-90.24114,,63118,0
M8smR6gwMTqOsF5W8UVRPQ,All Rolled Up,3,5.0,38.58081,38.58081,-90.24107,-90.24107,,63118,0
fm0eu225Xjf2M0n-N5Qbig,Time Out Sports Bar & Grill,53,2.0,38.588872282376144,38.58887,-90.25694415317078,-90.25694,$$$$,63116,0
egpbI2-eeKw7nsz7PLFlbQ,Time Out Sports Bar & Grill,3,4.5,38.583137512207,38.58313,-90.2480926513672,-90.24809,$,63116,0
MPCv-HvZAY-oc-5q75R0pQ,Jack in the Box,19,1.5,38.5682618631543,38.56826,-90.254302918911,-90.2543,$,63111,0
QETFsOo9kQTe8A0O2TCX_g,Marsh,1,5.0,38.55237436354772,38.55237,-90.25282803922892,-90.25282,,63111,0
9gXvU2PdIBNkR-WRUNQAbA,B and L Barbeque,2,2.0,38.5742104053497,38.57421,-90.2429451048374,-90.24294,,63111,0
S3IQpjr7dm4PfLvfZJzlEw,Grand Wok Chinese Kitchen,1,4.0,38.56814134960265,38.56814,-90.25458244338532,-90.25458,,63111,0
yZEHSlOaSQHGnAbS7iYD2g,The Golden Hoosier,68,4.5,38.5929216,38.59292,-90.2726194,-90.27261,$$,63109,0
JroMBSRiVq1u8-KZVDZh7g,New China,87,4.0,38.592301,38.5923,-90.270873,-90.27087,$,63109,0
tAmeC0DSyxoi3NDsxZbl-w,City Park Grill,153,4.5,38.60242,38.60242,-90.261621,-90.26162,$$,63116,0
8l7L3e22t3uQmG_r8zEa4g,Panda Pavillion,77,3.5,38.59252,38.59252,-90.2830199,-90.28301,$,63109,0
u4M4SxqehnyMI5vs9HaW7Q,The Dam,303,3.5,38.60197443471059,38.60197,-90.26167128526939,-90.26167,$$,63116,0
LlYENa9mr9V0vILUO4xGlQ,Crispy Edge,148,4.0,38.60194,38.60194,-90.25803,-90.25803,$$,63116,0
v2xhzKIW-1bySJw5UPy8Jw,Rally's,6,2.0,38.7157819413334,38.71578,-90.2592700347304,-90.25927,,63136,0
JmOL5qRHdqVqTQ1dp2ZKSQ,Sonic Drive-In,8,1.5,38.7271042601307,38.7271,-90.2733848846558,-90.27338,$,63136,0
D3yLo8URLMV8lj53slyNLA,Goodfellow Chop Suey,1,2.0,38.698167,38.69816,-90.266086,-90.26608,,63120,0
IqUbLIBVQfYmHo_uC7UrCA,Jj Fish & Chicken,1,1.0,38.72215,38.72215,-90.24123,-90.24123,,63147,0
EErIMXjmxThpUinnYKkR0w,Cecil Whitaker's Pizzeria,1,5.0,38.722583770752,38.72258,-90.2703475952148,-90.27034,,63136,0
2ikHPAiK-H2OCDhaZAshCQ,Savor The Southwest,3,2.0,38.74144,38.74143,-90.6369717,-90.63697,,63304,0
KdAWjL9MKjpJzEeI902qBA,Corner 17,651,4.5,38.6562455520881,38.65624,-90.3065290869784,-90.30652,$$,63112,0
OXDo1mHlp2Io3CM6a1aB1w,Seoul Taco,724,4.0,38.65646,38.65646,-90.30755,-90.30755,$,63130,0
Uy0r4bzRmY5LFtDfzNgkag,Mi Ranchito,382,4.0,38.6617066,38.6617,-90.3080181,-90.30801,$$,63130,0
r1n7prN3Q2XQ9oPYstyr_Q,Cibare Italian Kitchen,53,4.0,38.53287,38.53287,-90.26343,-90.26343,$$,63125,0
4EbwDR58_1Lm54Oru_Dfxw,Cafe Telegraph,252,4.0,38.5113300955255,38.51133,-90.2909398823977,-90.29093,$$,63125,0
PuCdocg7eh_IwSqhip_qUQ,Mama Mel's Pizzeria,42,4.5,38.5326094516903,38.5326,-90.286767706275,-90.28676,$,63125,0
fzKngKvD8BIXTt3ZvmgFvg,JJ Twig's Pizza & Pub,90,4.0,38.58046,38.58046,-90.29332,-90.29332,$$,63109,0
ClfXYH4r8gchLtYI_1NvJw,Dado's Cafe,95,4.0,38.5813599,38.58135,-90.29378,-90.29378,$$,63109,0
hJkkXDmu6woTWD300bw09w,The Beerhouse,61,3.0,38.531399,38.53139,-90.264834,-90.26483,$$,63125,0
sece3MulAu81rJORM3qXQQ,Berix Restaurant,96,4.0,38.52375,38.52375,-90.29965,-90.29965,$,63125,0
SwPoeln3QS9H9cVjHXVoQg,China Wok,47,4.0,38.548558,38.54855,-90.291763,-90.29176,$,63123,0
0q27L4aOGuXyQ1Eo-IOY0Q,Social Bar and Grill,77,3.5,38.5325582,38.53255,-90.3090247,-90.30902,$$,63125,0
hW8A28dCywtE-HcLNEtjow,1904 Steakhouse,47,3.0,38.530855,38.53085,-90.264493,-90.26449,$$$,63125,0
HTR4v_7fnu6PyaQ1c6UEFw,Fergie's Bar & Restaurant,38,4.0,38.5289887,38.52898,-90.2916577,-90.29165,$$,63125,0
FT3mAgZ2nrBQ-eW09m0M5Q,Bar 101 St. Louis Soulard,16,2.5,38.60802,38.60802,-90.19954,-90.19954,$,63104,0
SXWlFsPfV0hO3Go2qsExnA,La Catrina,184,4.0,38.5836561,38.58365,-90.2927751,-90.29277,$$,63109,0
ffvS2BlFwQra5FTPNk5N2g,Arber Cafè,18,4.5,38.56911,38.56911,-90.28668,-90.28668,$$,63116,0
M72GCSiw35hvB4_2mbm5Pg,Fonda La Poblanita,23,5.0,38.58956,38.58956,-90.26406,-90.26406,,63116,0
EvgRJ-09uavss9YNgnAq7A,Smoke N Bones BBQ,18,4.5,38.5746181,38.57461,-90.2948438,-90.29484,,63109,0
sBTUg4DINvmrfM2cLQZAjw,Hook & Reel Cajun Seafood & Bar,95,4.0,38.59101933,38.59101,-90.2728945,-90.27289,$$,63109,0
880MwEjgKAMAr1RT9P1EYw,St. Louis Pizza & Wings,87,3.5,38.5861833,38.58618,-90.2928853,-90.29288,$$,63109,0
ZHcgsLdZQ8T7pk-C-o7WlA,Marko's Fish House,35,4.5,38.68547,38.68547,-90.1565791,-90.15657,$,62060,0
F27-fy703U375Dexi81yJA,Angelo's Pizzeria,78,4.0,38.792988,38.79298,-90.267291,-90.26729,$$,63033,0
68ZJoGeIj1DA2TnxHgRFyg,Osaka Sushi Cafe,55,4.5,38.741566364433545,38.74156,-90.11306118990032,-90.11306,$$,62040,0
4e0AuvnWvjr2cJEaEdrtxA,88 China,68,4.0,38.7244218,38.72442,-90.1244384,-90.12443,$,62040,0
AlSI8wUUE009cwaWSuh5rg,Vin Hoa,34,4.5,38.7204034,38.7204,-90.1225951,-90.12259,$,62040,0
BGI6XK85PVeJM8tQ9gimaw,Jerry's Cafeteria & Catering,21,4.5,38.7006225585938,38.70062,-90.1496429443359,-90.14964,$,62040,0
cY4a3KHIXWwDBZn37VjAuQ,Miami Grill,37,4.0,38.792713,38.79271,-90.287422,-90.28742,$,63033,0
frsWe9bmMOMIBOBNzsCTew,African Palace Bar And Grill,28,4.0,38.7788353,38.77883,-90.2805222,-90.28052,$$,63033,0
gFinYL063c4ASCJujUvKUg,Street Life Mobile Food Service,13,5.0,38.80729,38.80729,-90.29582,-90.29582,$,63033,0
a-oshK5drqQfSgLYvmwOKA,Healthy Habits Nutrition,24,4.0,38.795043,38.79504,-90.293276,-90.29327,,63033,0
6fhSY7lGaqYUQaswAq3_mA,Park Grill,18,4.5,38.7019,38.7019,-90.1218899,-90.12188,$,62040,0
sJaTVyQvpQb2oEYhKWEQRg,St Louis Happy Hour Bar & Grill,12,4.5,38.79263111350631,38.79263,-90.28492244653886,-90.28492,$,63033,0
JWegbfCz-m_VJt2cFOFmGA,Apple Tree Family Restaurant,24,4.0,38.72823,38.72823,-90.12492,-90.12492,$,62040,0
gOx3bxolzJO6JkLAy0k7mQ,QuikTrip,10,3.0,38.76497544296746,38.76497,-90.20433153515305,-90.20433,$,63137,0
PFLbYu6MuGr1BbDWb1c0yA,Cracker Barrel Old Country Store,68,2.5,38.7685008,38.7685,-90.265598,-90.26559,$,63136,0
mJ18FViO3b5_qX1WJwOl9A,Don Chencho Mexican Restaurant,22,3.5,38.72325,38.72325,-90.1269,-90.1269,$$,62040,0
lGRXMOYsO-3oRQcRrMcbNA,China Moon,19,3.5,38.774305,38.7743,-90.278392,-90.27839,$,63033,0
xCFnaOepneUAace3dYgfqg,Waffle House,17,3.5,38.76245,38.76245,-90.1226,-90.1226,$,62040,0
07tT34LEBj1xVgLRk4L8qw,The Pasta House,29,3.0,38.77214,38.77214,-90.27882,-90.27882,$$,63033,0
PVpGrSSqC4g54vjSd2vqsQ,Pops Fish And Chicken,10,3.5,38.79213,38.79213,-90.21495,-90.21495,,63138,0
qjUhm-673ohrAgzKRLpFbA,Imo's Pizza,20,3.5,38.72325,38.72325,-90.1269,-90.1269,$$,62040,0
mNYiaagB7eaz5Ld0NkTdaQ,Year of the Dragon,11,4.0,38.703949,38.70394,-90.295599,-90.29559,$,63121,0
G0jHNZzhiHWCYZmZWCg-6w,Downtown Diner,8,4.0,38.7013,38.7013,-90.14721,-90.14721,,62040,0
upgYrte1f2kR0VED3RQtIA,Chili's,36,3.0,38.8050842285156,38.80508,-90.2969055175781,-90.2969,$$,63033,0
8YNiumMAFKSZzzwKSo6dlQ,Bindy's,12,3.5,38.7280673,38.72806,-90.1237044,-90.1237,,62040,0
FHGI7dx-HAo2OTcy-5Ja6Q,Jacobsmeyer's Tavern,11,3.5,38.70517,38.70517,-90.13161,-90.13161,$$,62040,0
LotQqQ07ImAZzFDFUV9nlQ,Firehouse Subs,12,3.5,38.7205158,38.72051,-90.1227105,-90.12271,$,62040,0
7qq5LfBZj6F4lXnLAQUdKg,Five Aces Bar-B-Que,61,4.0,38.61565,38.61565,-90.24832,-90.24832,$$,63110,0
N_7nJa49ueh_0vPDRP3Jew,Ranoush,366,4.0,38.656065,38.65606,-90.304509,-90.3045,$$,63130,0
-kHHi8y4kaTI6WUVdJSdvQ,Fitz's,705,3.5,38.6562614440918,38.65626,-90.305549621582,-90.30554,$$,63130,0
sXaiyPC1fT6ESl-6t7eSXg,Blueberry Hill Restaurant & Bar,590,3.5,38.6558071,38.6558,-90.3049558,-90.30495,$$,63130,0
UxrzmxM9oYq4W2xbNttq1Q,The Banh Mi Shop,57,4.5,38.6556423260556,38.65564,-90.3054556267154,-90.30545,,63130,0
90u_o_0kd1Fh9ynU5brO3w,Turmeric,191,4.0,38.6564219,38.65642,-90.3079695,-90.30796,$$,63130,0
-hto0uJjh8KFQZGc9ZAcuQ,U-City Grill,201,4.0,38.6569111234,38.65691,-90.3085396502,-90.30853,$,63130,0
fewJ6PMS-dcOoMzrcyvFXA,BOBQ,38,4.5,38.65581,38.65581,-90.30544,-90.30544,,63130,0
-9zDI4h2dE3hFOpGFHB10Q,Road Crew Coffee & Cycles,40,5.0,38.60189,38.60188,-90.26122,-90.26122,$,63116,0
7qMmN_FB0JJ-8MPNfHwhsA,Big Sky Cafe,296,4.5,38.5893892653039,38.58938,-90.3391819642792,-90.33918,$$,63119,0
iF2WYnjnWg0-wxEw7daBgQ,Krab Kingz Seafood,148,4.5,38.57259,38.57259,-90.33347,-90.33347,$$,63119,0
rtJv8aLpoTiQPkPSGwclWg,El Maguey,104,3.5,38.585262298584,38.58526,-90.3148880004883,-90.31488,$,63119,0
qsemckCJFzXmafT7XUWMuA,The Get Down,22,4.5,38.624438,38.62443,-90.253431,-90.25343,$$,63110,0
2PfeE4BkOw4X7OEknFVwgQ,Seoul Taco,52,3.5,38.6283306,38.62833,-90.2498899,-90.24988,$,63110,0
yObqHLbK2RKeBK8jrO33HQ,QuikTrip,14,4.0,38.6283906975443,38.62839,-90.2461741815453,-90.24617,$,63110,0
JEHTItW2YHJ4-2iXTQx1Dw,Raising Cane’s Chicken Fingers,14,3.5,38.629526,38.62952,-90.246348,-90.24634,,63110,0
WXxZigTHz0ap8JXVCEEepA,Captain D's,22,2.5,38.6262167146164,38.62621,-90.2363026142121,-90.2363,$,63103,0
BAPXjUSzg9Ki15dATeZJJQ,Izumi,3,5.0,38.62873,38.62872,-90.24893,-90.24893,,63110,0
D3d9EV3S1mnzxxCOAlaxJw,Goody Cafe,60,3.0,38.639283,38.63928,-90.243334,-90.24333,$,63108,1
kSNkNzXU8l-x_h0desmm1Q,Stage Left Grille,23,4.0,38.6392739069746,38.63927,-90.2316115226723,-90.23161,$$,63103,0
csNl5vQ9ArCX2Gtfa-O_pw,Commonwealth,14,3.5,38.639678615901936,38.63967,-90.23078184905269,-90.23078,,63103,0
-Bsw0AjWemVa8D_7g7-9Kg,Bbc Asian Bar & Cafe,47,2.5,38.6445029,38.6445,-90.2617029,-90.2617,$$,63108,1
a0O_6Ff0bNuK7xN9PDql9w,Mr Fish,1,5.0,38.691162109375,38.69116,-90.2769393920898,-90.27693,,63120,0
4mGnHfvwjE6P-vuKowHzCQ,Taco Buddha,297,4.5,38.65373799506,38.65373,-90.3299817857961,-90.32998,$$,63130,0
Fok0BLJP0OMxbbl3l6QmZA,Sauce on the Side,335,4.5,38.6499759129157,38.64997,-90.3374733207981,-90.33747,$$,63105,0
A2WOHcAk-BkMyf9Qgv8A8A,Colleen's,179,4.0,38.6485605,38.64856,-90.3263802,-90.32638,$$,63105,0
